hcpcs,observation_count,provider_count,mean_allowed_amt,std_allowed_amt,mean_payment_amt,std_payment_amt,outlier_count
36415,86521,86429,8.023507677895905,0.9352221397331163,8.023488967627003,0.93522641735569,1517
G0008,119058,119035,29.094420192281877,4.130422562995735,29.094420192281877,4.130422562995735,1059
99213,471734,456758,80.60900460080961,12.756514714710173,55.9654869970281,11.050948196832564,735
72125,18120,17421,50.72561947860745,17.558304871560097,38.31754376144305,13.561929923808185,710
71275,20502,19087,97.84052228380187,42.55378335652141,74.6227020582386,32.68796422283546,653
99214,501491,479108,113.46829772970649,17.74023825953446,79.92328811122405,15.502700575691195,635
71045,26301,25218,9.297429697889699,2.7747962145734677,7.039475346363702,2.0258043191341195,588
90662,70719,70710,70.28361034058346,4.597617053482478,70.28359990640402,4.597614913992897,587
27447,12128,12080,1206.9682648757528,1875.6390304582133,959.6059030833263,1495.2384417492774,565
99232,177472,177260,76.67472889623387,6.658707730336093,60.556081802880925,5.551544469173378,518
70498,13154,12429,87.65444197580378,30.96065099352942,67.82431609657755,24.362323887198688,508
70496,12766,12141,91.36109844757826,36.051757886205756,70.24033761500532,28.281744326879142,490
90694,51668,51661,73.5691107165342,5.548889957863414,73.56910892300867,5.548891843707259,480
G0439,106435,105796,115.53649324476285,25.891448319663667,115.53649324476285,25.891448319663667,452
81003,51509,51498,2.188462331520185,0.042560702397333804,2.188459301355639,0.04256281326737779,418
97140,65089,65083,20.9557414423937,1.5014940320199648,16.145143531598325,1.3612968821580924,396
99222,117627,117528,126.80766655432912,10.614974472070603,98.91737240085996,9.349206345452888,396
74174,10783,10208,122.92466799503478,70.26810334710258,94.85391379918298,55.12281384868833,385
27130,8074,8056,1226.921592924247,1931.2748735610553,975.5329934698108,1539.2906943800963,374
99223,139684,139488,170.08679819535527,13.516613818660089,132.98314522747157,11.818854776716686,364
99204,233123,226864,155.53212727877454,19.442020517843822,109.26364885192221,18.29505693096065,349
99233,128873,128735,116.41766771520945,9.61430884758564,92.1551268655677,8.002287656209687,342
71260,25449,20328,65.450926338023,27.7662242077702,49.74360000895273,21.15464747825708,341
70450,24448,21067,47.62366282464083,20.951016382741077,35.504770102431735,15.151182440776234,333
97110,79966,79941,23.42854111639997,2.136523077048468,18.024265873818166,1.8083746507677678,325
81002,31318,31318,3.3915250890029727,0.06600931504617419,3.3915225893739036,0.06600941662778252,313
99203,164233,161333,103.33227679368638,14.652930364939982,70.13463386867598,13.57537356988309,304
83036,44982,44970,9.437368707389547,0.29000205907986876,9.43736500158112,0.29000358113154917,292
90677,52425,52423,277.1446149388601,14.966822055860899,277.1446054379083,14.966830349587424,284
20610,41163,39714,61.85360489408073,11.736906062415287,45.88347358351051,9.448493137621277,281
82570,12587,12583,4.943451269715087,0.7182949237487001,4.943451083622905,0.7182948886612914,276
74177,30248,23600,125.5052961167091,80.4865605017947,95.55129616082908,62.379404700495634,253
99497,28794,27133,73.58656298670118,12.033579462779723,60.424034887943115,13.257758397295484,253
96372,58199,58192,13.115732809927168,1.5663408655074886,9.429869808992173,1.6453016632469932,250
45385,17014,16293,284.03642712260427,104.13480179709939,231.29146496875543,86.74929968438136,250
99212,100305,98925,51.06151917923254,9.398879246681297,35.96273965652976,7.962284243690496,248
74176,26557,22145,98.4840638282262,36.38453257840522,74.37622924747521,27.154974171322962,248
45380,17084,16411,169.2656436186568,113.43093877789781,136.05241298844896,92.91394220447357,247
88307,8849,8500,88.24678477538163,36.71128009910038,69.7444101245786,28.913179876884584,237
87804,18586,18585,16.10110966814371,0.3652327471070209,16.101066134779295,0.36526259441793346,223
72128,6483,6400,48.659003593762606,14.829519730351796,37.422328008743634,11.438004083674558,221
71250,28192,21833,65.87968839986114,30.890489526278838,49.11131558758811,22.427158441846164,218
71046,58400,47240,19.10476767936035,9.593606236702891,13.321079015584663,6.700346997527915,211
43239,17909,17125,125.44393169009042,82.72985598716627,97.82276395358123,65.2565932975291,208
99231,50951,50916,47.62135883715246,4.489124753740368,37.44443884684335,3.8236175334442772,208
73590,10839,10334,10.020866642625094,6.637757973446179,7.442511031389003,4.891037739790752,205
93308,12550,11545,31.042163797321273,20.136972696664152,23.92306292007958,14.963485355400449,199
97112,61895,61895,28.23689782001564,3.1918254291036856,21.825245327608368,2.623606098362002,189
85025,32842,32826,7.567823113733311,0.15780644336135463,7.567820090394444,0.15780667913852184,188
93010,54981,50576,7.924737358354151,0.572189533294688,6.017903510674297,0.6064854881279972,187
74018,25156,21893,11.892887965740547,7.064227664287835,8.858204285837672,4.9898044970614,186
99239,62451,62366,111.25727958691222,9.077372645934707,87.81329171678057,7.620019490921194,182
G0444,26393,26362,17.03060070266951,2.9941970931651234,17.03060070266951,2.9941970931651234,179
72131,13716,12578,55.40856495530075,24.895270377917008,42.223969288513196,19.10261366297059,178
72192,5303,5242,54.651237373702614,14.266073168746539,41.66138257658589,11.092199714032695,177
97530,62680,62669,33.48104134016166,3.673251657417976,25.925359168815806,3.0749455064653892,167
J3301,38673,38657,1.0611748748395393,0.036190076832993405,0.7845718609265042,0.07031832894371753,165
55700,4683,4418,215.956166844022,159.3532387370004,164.5868464967066,126.76826804229454,162
87426,17731,17731,34.309201428196886,1.0225937158033436,34.309167373571995,1.0225886300619695,161
52332,3945,3932,184.10468451015666,231.79047332696487,144.77731056866034,184.51908968194246,161
99211,16014,15973,22.32533657634711,5.3777858096314475,16.125897069953755,4.995990488760423,160
99238,35692,35674,78.57819573103168,6.560650658981081,61.73669254204822,5.674335466195343,160
99291,71282,71217,209.44937391442636,16.337979604699434,167.38927506975358,14.710219695273109,158
87880,18216,18216,16.05496544408907,0.45061210642453875,16.054936171701772,0.4506468476612002,156
98941,27085,27074,38.88108088819391,2.334944901443953,27.44626803512929,2.857062383983778,152
93458,8075,7986,261.9814215250786,124.0246574465252,206.3315844075715,98.56386171491096,151
80053,26418,26407,10.293405284341627,0.2541386852936946,10.293400422751688,0.2541467287186937,149
74230,7553,7411,27.798674170750033,14.498347907394201,21.563746913421156,11.302076025675536,148
73060,6619,6388,10.127906521862835,6.321695313685838,7.523529950116695,4.690662748289151,146
93321,6972,6368,8.563348166573881,4.935636012394233,6.675864298817829,3.8274514876879553,143
99215,151910,145416,159.97335463249783,25.086123247033886,117.51634399984154,21.973561679296193,143
93000,71044,70943,14.16676268396234,1.570308831740926,9.951860526233773,1.5506651222035777,140
43235,7454,7400,129.28181583693186,74.8287975325236,100.65394353706104,58.869338389692246,139
84443,19729,19718,16.404094500005282,0.24008657334248856,16.404078378414425,0.24008977869899456,138
81001,13489,13486,3.0908029509703163,0.07607403811134124,3.0908029509703163,0.07607403811134124,138
73552,12312,11782,12.144116884393869,8.368329034663919,9.1235925374802,6.250271481847943,135
72170,16851,16193,12.229639317227647,7.49480597248027,9.18167458580267,5.58202420132873,133
87811,10129,10127,39.892204151440644,2.9686526406357565,39.89206800969427,2.968686268690916,132
92014,35836,35384,122.094589414885,15.512911006086085,79.9341785953679,14.39352188682318,131
77001,5957,5758,23.529009650368305,21.507356906151994,18.746367454571764,17.144829458345445,130
J3420,10420,10420,1.5278872522988867,0.1597330029271095,1.0731096394585893,0.13987519944407337,130
66821,10625,10072,310.3967485204468,70.61821641080145,238.47598150608383,54.73328331376407,128
66984,16363,15946,417.6982607442312,313.78175920050387,329.7564620529801,248.30169353790006,128
77012,4083,4008,72.13936290955914,14.351674064974706,56.8184443984891,11.457457648641787,127
74420,3843,3808,33.41744538786599,37.77192420535868,26.48883272297684,30.13068983137846,126
91322,29352,29347,141.59841726534816,6.12170325009207,141.59841726534816,6.12170325009207,126
99152,20004,19250,16.423997921966656,11.862154935170013,13.03124774880895,9.439729796094742,122
J0897,10054,10054,22.80678661928297,2.3951110701272036,18.000386462910512,1.9102157192650344,119
73700,9464,8536,59.29003168254025,29.066436786086264,44.95215970413303,21.97718242922092,118
76705,22124,19100,37.52758990319264,21.288558246988984,27.38783027161974,14.90185895659641,115
92250,25158,25059,36.115086880829644,4.270621703504482,25.19488874936085,4.024612413894577,114
G0105,8877,8766,220.0507076318131,94.41438641942537,220.0507076318131,94.41438641942537,114
99285,61278,61273,168.70052991629754,15.320877463453614,133.29509736568062,13.60328964088155,113
85610,9566,9563,4.186019408840069,0.06472363444672159,4.186019408840069,0.06472363444672159,113
Q9967,11749,11744,0.1457821046176015,0.011822602326824446,0.11396165789068007,0.00998633885359957,112
J1030,12318,12311,7.48646209877261,0.47857187411726304,5.550663506121765,0.5658802441109579,112
88360,5725,5326,47.34629717692437,20.340470864946145,37.56919200737712,16.179231462421747,111
0124A,19439,19438,40.6208433141281,2.988810987283441,40.6208433141281,2.988810987283441,110
73090,4300,4213,9.015399120784696,4.693694637152005,6.710410833153349,3.501663664624977,110
90686,10499,10498,21.432764790583615,1.6708711179080133,21.432757463878502,1.6709008052748775,110
88311,6916,6633,12.541809702398815,2.015048379263889,9.898729446626634,1.5779344584144699,108
63047,4169,4167,669.1063539630111,571.8157416573104,532.5795914719541,455.37237782530195,107
93306,36430,24606,117.02221466158628,61.732152496081355,87.74904662062141,46.209597556789696,106
88341,11503,10260,35.35607647205251,18.827619089353327,28.07206355499348,14.95030903544541,105
00731,39409,39040,105.37050545199958,32.48279569611943,82.37566817163858,25.65112445936605,103
80061,21672,21664,13.036268548494228,0.3246039543905158,13.036256516985645,0.32461077796308174,102
0134A,15849,15849,40.422345246867486,3.0375115967412305,40.422345246867486,3.0375115967412305,101
80048,14727,14719,8.246163284727853,0.17473732019983845,8.246156744869444,0.17474202394283322,100
45378,8761,8670,215.9991284461485,95.83807845586774,165.62480208533637,75.69742138783192,100
G0442,9099,9097,17.213001582086825,2.791549463556697,17.213001582086825,2.791549463556697,99
93325,12847,11730,5.722677625769838,7.077363149913131,4.49305813091802,5.576119819768216,99
88342,13253,11355,44.63459393973432,23.066444732191155,35.26375438401275,18.19752346067634,99
70486,14473,13289,58.13175275158094,35.66978937504201,43.83006460631438,27.286379027090394,98
J1100,23453,23446,0.12197019701879504,0.005407157464120024,0.08861891038731506,0.010607962073285333,97
73560,22522,20436,16.910415516287657,11.915393376079322,12.40565803791383,8.728729745896741,95
32555,4505,4458,108.48765227621243,30.809270237398653,85.46257006751055,24.308463326599597,93
G0438,17480,17425,150.99157567291272,30.501167885973555,150.99157567291272,30.501167885973555,92
70551,16398,13491,96.64602338976826,51.490990178322484,73.15511955681187,38.4746330505528,91
49650,2140,2130,513.2371982383178,448.6701935593734,404.15121198180935,357.1264571405796,90
88300,3524,3479,4.830637421499149,2.0533478634045084,3.771201044960897,1.5787613366792124,89
52356,3094,3088,557.0833631827053,492.99038142229915,441.0771488191758,393.0730879581322,89
85027,7268,7263,6.305251335981357,0.10957253442493989,6.305251335981357,0.10957253442493989,87
91320,27080,27076,127.1704497156054,4.5762157377022,127.1704497156054,4.5762157377022,86
99284,64235,64230,115.55081334844296,10.672689976786218,87.65426282740634,9.747634752522792,85
49083,3980,3941,103.1125680037495,30.66682121710264,80.76843948990428,24.198065956484573,85
92004,26665,26443,144.59695074114418,17.61761837444382,91.63575124385969,17.40788276527186,85
G0121,7796,7745,227.5410515725828,101.59310384847215,227.5410515725828,101.59310384847215,84
73562,30197,26790,23.690645191071543,15.174698266739632,17.064681465283325,11.115651020103135,84
82306,12459,12453,28.840396656878802,0.6296344881368494,28.840394168647965,0.6296338561637943,83
00811,31421,30950,99.20196549060991,30.422088928104483,78.83354336608303,24.66514327047596,83
99221,20215,20210,80.28572463704967,7.618906903639545,62.46777208303899,6.778279769092737,80
97164,9018,9018,69.32296109664998,8.437733353983628,53.222608344084044,7.160570336616741,80
84439,10616,10613,8.793086222196138,0.1692420824237753,8.793070509884146,0.1692429785314912,78
88173,4648,4273,76.69930775871859,26.79503415332005,60.20115853821579,20.98264674533749,77
76770,22718,18928,54.387216569879605,32.15773856462554,40.29985100676669,23.60517455835181,76
J0702,9284,9280,6.495547254810577,0.273248280638759,4.799187426974774,0.4410367523029425,76
33208,3024,3022,676.3131159239749,1142.898874468882,537.0695767352513,910.3795844504652,76
82607,11165,11159,14.695712541797105,0.29495537458596827,14.695711706957159,0.2949551535571118,75
84153,8151,8149,17.9284729319565,0.3457783868157772,17.928469656606232,0.3457775996974286,75
J1040,8546,8532,11.566689673243237,0.6265861287589288,8.458168710975006,0.8746162022613053,75
87635,9968,9968,49.879618794088785,1.485596501935854,49.879618794088785,1.485596501935854,74
83540,8513,8510,6.306463945802455,0.13375029954888135,6.306457040143016,0.13375422030232792,74
82728,8800,8797,13.283802006726443,0.2645499593339877,13.283787488012464,0.26455719691629415,73
J2785,6386,6386,53.160134626892265,5.719068910932472,42.14938916886669,4.549603677832869,73
G0283,16404,16404,9.064724323309113,0.7118301392960149,7.01456336594917,0.6366299024348252,72
36561,3519,3475,387.5590420093379,237.21233459246275,307.7111864755439,189.00052649345605,71
73630,35052,30759,20.354409565157887,12.799705976372438,14.853352937051358,9.468133541031548,71
73130,22929,20325,19.153345471205782,13.594600669239059,13.91155436524788,10.056294859642861,69
90480,46944,46934,36.03223480298151,9.192416099987554,36.03223480298151,9.192416099987554,69
76098,1941,1919,16.23456215255487,5.033482168127878,12.805574903235858,4.027627885758876,68
36558,2973,2961,284.45073996734277,181.20510082135812,225.70187494917926,143.813051659712,68
82043,10795,10792,5.623264889691645,0.14654144047126438,5.623264537373099,0.1465413564790648,68
73030,39902,34770,20.27287453053053,11.969375049500336,14.70448260498096,8.834939293320547,67
92960,5570,5558,106.26350682147522,8.237225132694517,82.43351944571131,7.400234069185301,67
99205,68647,66219,205.227284080507,25.535822536960858,152.73316571577976,21.829151033593252,66
99309,36383,28079,96.72669452777188,10.295017259107377,73.78910103845243,9.918110606381852,66
88305,17575,14564,42.654169621755564,13.364982304663076,32.61897904995798,10.266054426074607,65
52310,2578,2546,285.4056583869554,143.9028866476445,224.1522058804748,114.50953824798881,64
72148,18972,14975,107.47818738533745,52.89689691318337,81.5797534232197,40.09989982530164,64
90732,3404,3404,127.53730546265895,10.217615010993844,127.53730546265895,10.217615010993844,63
90674,7358,7357,32.667482644689535,1.4661530888228405,32.667482644689535,1.4661530888228405,61
20600,6582,6497,47.605759011270884,9.260808564695594,35.2470852977041,7.302146191977711,61
47562,2247,2245,615.9047505866938,365.4170936798558,488.4585568089613,290.8557045879543,61
73110,20903,18967,20.298278583401803,15.04880872991134,14.89843598873212,11.210025402020442,60
99490,16539,16205,58.36883959796609,6.79207728438018,44.02577552688864,6.190984817377611,58
72132,1351,1343,59.92462604432642,20.93988040955411,46.77125927842191,16.244043570292035,58
70491,7238,6165,84.29720904619923,40.489373939690374,63.82307159620503,31.13201882876647,58
76700,14261,12338,67.23574166599306,37.886966834765545,48.78898880701052,27.601146953548962,58
82044,4463,4463,6.04244737228203,0.2726666542325352,6.04244737228203,0.2726666542325352,58
80305,4789,4788,12.156498844394216,0.5189889098849894,12.156474369701796,0.5189824367403268,57
77263,4775,4379,168.16946584166743,12.062508662829158,132.34213835368126,10.067476395425679,57
73564,22542,20475,29.14775194151757,17.407480743857505,20.95474293240622,12.774729368553768,56
84550,6266,6262,4.408415823650734,0.09136616205325573,4.408414246624673,0.09136583786416937,56
71271,9790,8417,72.54877729158252,37.40743474283525,72.54877729158252,37.40743474283525,56
97161,35737,35721,100.74343532192256,8.071480543186093,74.11318196181435,8.221387448011352,56
93971,24514,21371,47.58689615629196,43.12965911513397,35.68198100345781,32.50726585063033,56
74220,2233,2211,36.65334495206628,22.351090936759217,27.639112014905958,16.43054851530118,56
83735,6944,6938,6.534762203127218,0.1553904550514516,6.534726313498546,0.15558936541862733,55
22612,1982,1982,1440.0196411211,2458.596717517871,1147.3671844248022,1958.3322113416511,54
74022,2297,2257,17.403234268858686,7.816582965439178,12.974698166278406,5.734674347593837,54
88108,2242,2111,24.774111634096343,10.327718314386095,19.31549845612703,7.8840834847172365,53
96127,7076,7071,4.63318289338013,0.6625685803624878,3.1760436236563736,0.6788944561100368,52
38525,1627,1615,302.2375325890719,216.90730276295665,241.00475059704362,172.63342012624764,52
83550,6574,6572,8.526704553095284,0.17386074471286153,8.526688305232948,0.17386731499544206,51
87636,2188,2188,136.65543833812978,11.120717936985008,136.65543833812978,11.120717936985008,51
87086,5080,5074,7.869603673178839,0.16164177906347046,7.869603673178839,0.16164177906347046,51
93244,5712,5449,23.067912558107405,1.723603483606569,17.79573431287633,1.6227372437667453,51
93248,6142,5732,25.570344988125203,1.8880570767647065,19.764445022665857,1.764226020349592,50
99308,32138,25749,68.35059343627438,7.548803012611179,51.631745506038264,7.580075716873141,49
93296,4990,4990,22.42489299740381,2.631019468560624,16.068781046926212,2.5029346248625957,48
76937,12773,12221,16.54215314990981,7.781152752859539,13.180101391918258,6.200591622725806,48
G2212,7000,6853,31.04149234454557,3.1461198905546084,24.1860099913311,2.7629171402732524,48
64483,8882,8198,222.72699723044954,105.23018153497092,172.86827321845374,83.11071430637297,47
95165,3250,3248,14.378484038227509,2.0328247306813974,10.7085500735124,1.7514199546361469,47
93970,22907,20922,85.25302522525769,73.3963659134889,65.04988141681883,56.07627256246537,47
G0009,58312,58310,27.199795804315293,6.676810554075881,27.199795804315293,6.676810554075881,47
80307,4756,4754,59.89238534534399,2.8571964561567174,59.892364089179985,2.8571918085996635,47
92134,27329,26842,38.42457577206766,5.111972436517444,27.23418461915542,4.414917375544964,46
93312,9000,8978,105.45437988056057,9.705620819451575,83.01642739346222,7.895017751306772,46
11602,5210,5190,125.30440925297715,27.80787574399776,98.53216948165874,21.248581225882866,46
74019,6341,5910,14.44310537471968,7.900010758656172,10.69089444592897,5.688295336743344,45
93460,2168,2166,361.37903032626383,141.27180449381135,285.8225913743173,112.45336687515453,45
G0103,7211,7210,18.844353552821428,0.35538020647751956,18.844353552821428,0.35538020647751956,45
70553,14506,11262,157.66888716443856,85.87634229635351,121.04195606871487,66.5215164015219,45
17003,19967,19624,6.017054345905053,1.4265788967551347,4.471773702179576,1.1408364372044406,45
75635,2604,2469,134.18678946316436,57.78254084606313,103.79547607465209,45.2579368493321,44
76776,1127,1093,41.02841726151908,22.195871742203025,31.938851348934342,17.3685159329801,44
88112,5514,4863,31.607646440777113,12.410047733097198,24.36908149346554,9.240137019201343,44
97162,35526,35526,100.23119347525066,8.11238438783137,74.09772744319676,8.156796206668734,44
00812,16611,16468,81.35715774738817,24.427997788158105,81.35715774738817,24.427997788158105,44
J1885,8631,8630,0.5401136760846251,0.025708615878501127,0.3900393427265902,0.04201246779975084,43
92133,25228,24944,34.21159079164119,4.487888434945961,23.627353556145753,3.9982858973394806,43
76604,2062,2018,29.52154756445005,7.6771944700461665,23.01178208201891,5.800191424984795,43
33228,909,909,819.484928160968,1782.7764534122286,646.1284270541254,1420.6518679666158,42
76536,17524,14997,59.17416081864392,40.751786405473354,42.503902187138145,29.749442982662543,42
72100,30741,26309,22.728872320355464,13.303348827666007,16.43449265029751,9.818089056635724,42
82962,6708,6708,3.1841326975497166,0.09586253750314815,3.1841303792311715,0.09586202551391777,42
00142,19931,19727,94.60660805497079,30.521527266455305,74.30611081744479,24.221940770648587,42
73610,23772,21494,19.45498657486071,13.32421606177044,14.221569432871407,9.864305847096905,42
97016,4367,4367,8.69890601739542,0.6441394962549816,6.754071802611472,0.5619155533498168,41
99283,31034,31030,68.89419643866897,6.546394309951597,51.077364051748305,6.519998798173232,41
72141,13317,10986,102.88498890271774,48.10466428475129,78.42672540888714,36.62998232814412,41
87502,3544,3544,92.68304074654007,3.5948639782385374,92.68304074654007,3.5948639782385374,40
76942,13580,13325,40.13218152036929,13.783265195118833,31.319521457693593,10.6528507525111,40
88302,1321,1320,7.910763886413929,5.00780695115106,6.117066536100076,3.752245585070726,40
69210,13767,13540,43.40867438041839,6.620464386044081,30.38933277336599,5.661667578619759,39
93228,6347,6126,24.9893155293545,1.9838781604942886,19.45827675604867,1.7998975789984617,39
93454,2696,2693,205.6614856087029,124.70877076651686,161.72522777755526,99.32069285627274,39
K1034,30135,30135,10.640816727403676,1.4484067911748602,10.640816727403676,1.4484067911748602,39
92012,17332,17157,88.47544498769265,11.450555717555797,60.8713976508352,11.307372945767211,39
76512,2301,2291,49.5078630666193,11.279913024319537,37.30601625074924,9.176789406034874,38
97150,8883,8883,13.798498428020489,0.9767882365610197,10.732963395146033,0.8844019013468449,37
77427,5257,4720,191.9204753757504,12.301695800234517,152.12224139890432,10.109566677365018,37
99202,20952,20818,67.07829839922266,9.987514201035193,44.022583356885164,9.719601565598685,37
A9500,4098,4098,111.97134091482981,66.30403542213944,88.91726244183792,52.781961839751055,37
64493,7963,7517,201.86472925025592,87.13351220694814,157.02556486644608,69.2219491243142,37
97116,11759,11750,22.444805472621677,1.7906776841829346,17.46259762876612,1.5928715435460081,36
88172,2075,2042,35.50499519729012,4.943316640353486,28.01204947081542,3.931925800482877,36
J0696,9324,9324,0.5054241378230909,0.017267582182557563,0.3600866411723402,0.04027016548687085,36
93018,13261,11822,13.694325176764421,0.6864049810483402,10.428382897322894,0.7926284957258599,36
82565,5064,5062,4.988336231456694,0.12771890433979186,4.988336231456694,0.12771890433979186,36
76642,10576,9085,50.06616395615195,25.78703947878967,35.88876153708066,18.98353199700239,36
93016,11781,10752,20.475184595396826,1.3396107474752463,15.495806455641823,1.4271673440694288,35
36620,12797,12796,43.845837993310695,2.987707538311794,34.865375615576234,2.483200419954525,35
11102,19135,18776,81.89349130795328,21.021727400390553,59.13532143708036,16.055952587250054,35
G0500,3020,2862,8.535857495715893,12.305552272886416,6.555268627486291,9.760129006804112,35
73080,10145,9630,15.401651454339575,10.686256392369781,11.33826017498135,7.929185813895389,35
97035,5005,5005,10.79333353768891,0.9868557867210229,8.28187258650847,0.8669797179735955,34
99305,11755,10119,127.26573943073934,12.391283241860132,99.1100110270998,10.984550553127093,34
93350,1700,1613,77.68616087681764,31.904941453238905,57.78143183027412,24.96383310915783,34
99442,21465,21225,79.80822084122245,14.82240413554408,55.90802280249724,13.07529126186162,34
33249,1011,1011,1708.269848318012,4420.216769317775,1360.1668443270723,3521.467624150332,34
36573,1151,1151,90.85746106092616,54.83267698320466,71.45249299614335,43.554336371279966,34
84100,3122,3118,4.624913152700224,0.098522728301125,4.624894134442697,0.09856343248796622,33
93459,1513,1511,284.381676585076,148.58037255194753,224.54219042800398,118.07545687582493,33
00813,16067,15983,126.01981266317563,37.99894943128587,97.1079784720257,29.823014003571124,32
90935,6152,6108,70.37672875257347,5.084880627612367,55.754743282748215,4.174981111840218,32
22551,1285,1285,1338.834808866926,1314.9580826722583,1067.3046735279836,1047.9379880157824,32
20550,10434,10296,51.87747133808224,9.193016358240877,38.149498788790176,7.496864783932742,32
78582,1236,1221,55.54555563233091,37.48744842157133,43.252636273320384,29.91476588036335,32
97535,16736,16728,26.50519067350396,2.8186002881914414,20.414071237532564,2.3889328355913437,32
01402,13328,13316,227.92814222735421,78.64039113255556,180.2717598845345,62.37912376047111,32
01922,6828,6781,141.42821423029423,49.55888131952684,111.44618073249546,39.35851169513676,32
52601,1138,1138,846.4324000136907,433.7189748113723,670.601592617232,345.631997622851,32
76376,5696,5106,12.443497477616626,6.0760943482478265,9.615053679666905,4.814953039161479,31
86140,4117,4114,5.047396442705416,0.12260689934765144,5.047396442705416,0.12260689934765144,31
73502,38540,33187,25.072708918725446,16.310952353758573,18.211674754955567,11.889881636417213,31
11603,3147,3139,147.78869078530633,30.65360003054694,116.2271479939857,23.755338885177526,31
62323,7980,7394,186.67071736430262,96.11884598253242,143.53091959643345,75.09651208377089,31
64635,6231,5955,427.8466145043621,204.58296496634358,336.4804962284444,162.92791658540142,31
00910,6106,6096,86.13752704603931,27.583560716120484,67.50681139442942,21.776825570359815,31
90837,15431,15246,120.21298341112495,19.283724771692185,91.90355207206838,15.907828033650421,31
90792,9197,8242,168.63403370575904,19.315806680529494,125.3922033561208,17.802937552537205,31
32408,1533,1515,162.6311095017965,101.49023397533429,127.37713995106981,80.87572362769131,31
G0402,12352,12352,158.8073084649393,16.84230828938652,158.8073084649393,16.84230828938652,30
90756,2073,2072,30.920468492568258,2.3018534355033866,30.920468492568258,2.3018534355033866,30
78452,17347,14931,208.62589624089196,176.32462864631708,162.49540443662346,139.73204866830534,30
71101,6399,5924,18.16334563436756,10.912041400997825,12.992986904180887,7.795407984856804,30
85018,2508,2507,2.307904396136563,0.04262594952270259,2.307904396136563,0.04262594952270259,30
90960,6616,6545,349.130759455656,24.40494848374398,275.42138483799124,20.48415037566915,29
88312,7488,6960,46.699493519955126,34.708113682428966,36.64057871739022,27.251695365114163,29
82550,2751,2749,6.339371145868993,0.1338152643199161,6.339371145868993,0.1338152643199161,29
92083,25722,25459,59.82625667869229,9.918746154135343,41.69403177351211,8.202456251237145,29
96365,8871,8871,62.71178988583643,7.558572355344884,48.52088542715166,6.27235275857074,29
94060,10260,9045,25.15271120540531,14.362932436455866,19.019365475263108,10.935792141253565,29
88333,1462,1451,61.09160387582695,5.553007548888984,48.42622011987141,4.495533067375201,29
20611,8599,8464,99.80436206650958,19.470109551093838,75.7056452640236,15.776062860328327,29
38900,1586,1573,141.16799050450882,28.261108405382043,112.72961892174528,22.583013951572216,29
82947,3855,3854,3.820370127683113,0.1305397450147114,3.8203668748471857,0.130539154815575,28
G0480,1590,1588,108.20665456829434,10.419244167522134,108.20637412232516,10.419689132611468,28
72158,6312,5549,154.95643739921132,82.40900069551019,120.36591219079897,64.22971417387585,28
52000,9377,8541,188.27136413627963,79.22199248678132,142.12501829971922,60.97233757330748,28
88313,7247,6752,24.86402137269117,25.716181560719754,19.67960352667486,20.380839962378253,27
92557,9396,9303,36.46996745053672,2.8724692595773154,25.649602115684363,3.3199684087499515,27
93320,7930,7563,22.35668140508953,12.348734131912634,17.58547456967893,9.784646982032509,27
74178,13039,11386,165.00950025072407,110.66933178624596,126.62107164419947,86.0549222479298,27
J7030,3127,3127,2.519044485742213,0.09998397809205306,1.963836078535881,0.1087903486071693,27
99350,7307,7303,163.3505305125578,17.366841207015746,122.16245163517392,17.42854829187453,27
J1200,3826,3826,1.0200103589663616,0.06369259985950314,0.8008462234266597,0.05642811590867236,27
99349,14303,14283,113.29433059246941,12.248946120224403,83.19363602747117,12.883853322345914,27
87651,3527,3526,34.09232385769435,0.8506868912070573,34.09232385769435,0.8506868912070573,27
78306,3542,3343,71.67950872521598,79.49624530553817,55.46633099707849,62.66781659589689,27
99457,6067,6042,47.585439001015494,5.399333914563698,36.722827334995266,4.719173585009808,26
11103,13858,13762,46.195021029260936,8.846186428156999,35.731555987165784,7.381752591225059,26
77063,18566,14264,34.747366818969084,11.414314465479979,34.747366818969084,11.414314465479979,26
90961,6135,6087,286.6432884845444,23.848831321550087,226.53885207758924,19.795824018742632,26
G0316,3296,3295,28.99597388389927,3.0344265394171943,23.1018374736338,2.4469640890561624,26
11721,13909,12525,41.71046283277942,8.153127647730129,30.36399660677567,6.54370737338521,26
66982,4607,4576,787.6632797894893,214.33433273813955,623.3792802969883,170.5179212075755,26
38222,3269,3228,95.67409146983329,77.54096867435551,74.39659141227837,61.15403787384354,26
78226,872,866,42.95533664388647,45.285573675441206,33.18647701862844,35.15369073690804,26
85651,2555,2554,4.156723583465087,0.08632033276163352,4.156703019973502,0.08631727764964,26
20605,5837,5788,51.19866321524516,8.723532497952672,37.92939753130409,7.1067817572735885,26
80076,3401,3399,7.962557931060276,0.18299241878300873,7.962543112931814,0.18298998472538866,26
A9575,3206,3206,0.1379429604037118,0.008936604897176749,0.10927065527018091,0.00749941711828811,26
70544,4640,4155,89.08740545240926,61.29689280500074,68.8485208426735,47.49438227921609,25
90688,3095,3094,20.223861727590663,1.1225970214868057,20.223861727590663,1.1225970214868057,25
83615,2717,2715,5.890250231589474,0.11667075877356911,5.890250231589474,0.11667075877356911,25
76514,8529,8481,10.760358883326065,1.1783745346927872,7.724315950288979,1.217503385406241,25
78264,1195,1158,68.27562465270209,85.55651995500102,52.854776101451044,67.07707201818445,25
75574,3096,2846,145.2604484154257,68.02146764551703,111.94199702576809,52.91726438862238,25
99487,2742,2697,119.33756015050422,17.666986614376505,92.90411524063873,14.674110700136266,25
82746,5251,5248,14.33709742046578,0.31558628306379566,14.33709742046578,0.31558628306379566,25
36590,652,651,200.26777940149233,88.67243063943303,155.3794278186227,70.99831995104384,24
43259,810,808,229.2255381278395,121.59560356486088,179.15988778155557,96.7400198024474,24
99406,5748,5695,13.492004265356941,1.946284942994145,13.492004265356941,1.946284942994145,24
81000,3908,3903,3.91235494923979,0.11189676013123609,3.9123463815036845,0.1118956260014658,24
93042,3003,3000,6.791484776709058,0.5087783612228448,5.301533782112321,0.4541173646616937,24
J0585,3632,3631,6.101631620359527,0.457010364978164,4.834617615789675,0.36517831969836134,24
99453,3298,3294,19.01149685562553,3.027272223624099,14.557420307302365,2.7756358479398853,24
43237,589,584,190.01937976152973,116.74204056695336,147.5524147021443,93.16046086718407,24
64494,6315,5918,93.42677352257816,28.804345690416575,73.91485852634362,23.35834549369432,24
43242,746,745,253.84459532651474,89.89177321707876,199.6739757005228,71.67764354449096,24
J9035,1853,1851,69.73279093740275,4.542925366043055,53.40541325025915,4.491438232424251,23
93297,2708,2651,25.491569696170608,1.8079172947100748,18.733436426843685,2.1800266850294614,23
G0180,18946,18846,51.11810964933553,4.570446172827384,39.313261478925796,4.202709936645478,23
A0429,7798,7798,433.17222762628364,40.820312482094785,340.2624620382893,32.75608462700414,23
62328,854,846,86.77495445748126,30.958097685948346,68.04983821990047,24.434666703188352,23
83880,2351,2349,38.300799213692045,0.7874858412049749,38.300799213692045,0.7874858412049749,23
G0179,6607,6591,39.85506318996714,3.972419445088346,29.88817441321574,3.7574344207014168,23
Q9966,1717,1714,0.4251598151467094,0.03922757364176529,0.3358007905005824,0.030850394735836284,23
43255,945,943,199.15544069680425,88.75959558168287,157.37714221297884,71.75845531234842,23
72110,15264,13698,30.33979636884964,18.21748461637799,21.995621027662125,13.494032096105826,23
99306,14464,12834,174.7896683000256,16.933419052666252,136.75006744425144,14.725948571324835,23
84403,3039,3038,25.10068192268233,0.6600139205141491,25.100675539498386,0.6600121787632245,22
27096,5744,5441,143.72485807496395,50.51531672857916,109.73319785735777,39.14044308473999,22
87186,2826,2821,8.433567506733333,0.24880549405421745,8.433567506733333,0.24880549405421745,22
77470,2412,2347,114.3135723762496,16.766981011959352,90.78253751796434,13.399395049189492,22
93295,5068,4933,36.13256500145264,2.2466426575704985,25.736093370424783,2.8723832833902905,22
73721,11185,9318,120.39480607967572,61.93053526828322,90.79266798333241,46.80944337646204,22
20552,4110,4065,45.691933144523844,9.444667462148582,34.456555662056445,7.566176087048982,22
G0328,2427,2427,17.546714522479192,0.8902246476690758,17.546714522479192,0.8902246476690758,22
64447,8491,8475,57.93044259854728,7.820725083391707,46.00102984530279,6.251789768161939,21
55876,588,570,132.49729905284354,200.4062777295822,104.42452307076871,159.69168515054994,21
33361,2677,2677,737.3734619150018,59.80204528661439,587.6012206548972,48.222767559959024,21
52287,1511,1443,337.6208918042402,196.32768722115048,263.60365758428657,156.69718917218304,21
72040,14142,12684,23.13655918823447,13.44846928917479,16.822457141894,9.964845212839188,21
00790,7355,7354,234.15913086101415,82.04916363872957,184.85726276807628,64.97437374946436,21
J7999,1331,1331,121.54703330986251,242.8085115702553,94.94098282986845,193.34517196016938,21
Q0091,7721,7707,41.77012946029689,6.988562559563601,41.77012946029689,6.988562559563601,21
83861,1899,1899,21.95281571049816,0.2891570803876532,21.952799197130595,0.28916924565179836,21
95911,3345,3293,195.13811169581854,38.37990890294719,150.29079764501316,31.634691482483777,21
76882,5806,5539,36.203493568073995,6.676000022580469,26.95653951878362,5.286695666397926,21
97750,2853,2852,28.899016247570277,3.4409988720849856,22.366671061528322,2.9568282247565225,21
96415,4958,4958,27.592077882716016,2.7914891663235646,21.79821814109883,2.3231407769102166,21
97163,6554,6554,100.1674353778311,7.720383705616448,74.54575935597757,7.923824341925356,21
64415,5061,5053,68.38669214588086,9.901463515666444,54.16744744719226,7.742790223051404,21
G0101,15492,15411,37.4859924333771,5.169977728389221,37.4859924333771,5.169977728389221,21
17000,22284,21858,51.03266222757274,9.206839982164585,36.27783726790002,7.010971209306818,20
88304,9562,8790,16.272625881812893,11.117721895976102,12.523069865472642,8.39934201603337,20
93356,5176,4426,20.86861866746256,12.780104381711634,16.24520044382044,10.109278232926878,20
73620,5552,5374,20.2194395653674,10.667551104391853,14.931526575678694,7.977001046486683,20
0241U,2908,2908,138.59081307387999,3.998436702243005,138.59081307387999,3.998436702243005,20
96413,7513,7513,127.16953801360987,15.266784380671247,99.70454842680967,12.54201907057627,20
11057,2504,2468,89.14163930828634,14.282483838787778,65.3775988986254,12.058336561104397,20
78830,715,683,110.00003350003635,117.90187753928436,85.73646231194266,93.38845043423224,20
47563,894,892,629.193697876991,317.79137273046797,498.8875619790436,252.61662675837,20
64484,4573,4242,82.15766136108834,33.55310180573336,65.17186640067789,27.038973986095687,20
57288,673,670,602.9182778133298,542.0511185318319,479.01181736897473,431.5121000951092,20
84450,1736,1734,5.034479050334275,0.2461742134107296,5.034479050334275,0.2461742134107296,20
67028,4500,4252,117.21425658125979,13.61683013500975,88.78274273181466,11.49483574402438,20
J7040,1631,1631,1.2611239266958307,0.04082265805294305,0.9876605625343349,0.04750301742811942,20
93227,4125,3879,17.996759881442546,0.9362459189255035,13.37571281290543,1.2468697443233387,19
84460,2248,2246,5.153865792142127,0.20630584861309673,5.153865792142127,0.20630584861309673,19
93922,8774,8075,48.766549267660125,32.40524571871243,36.66927998473799,24.696490460282313,19
36465,989,989,1307.6690258315996,224.85971580663207,1037.9488243674741,179.28692938735102,19
93880,24147,21295,108.96193181036196,76.55533905554805,81.84184077496,58.150633815933425,19
G2067,829,829,234.37879814998553,34.01293987185711,229.52071710030154,33.49896063490561,19
99439,8550,8387,44.04911375518877,5.139359436884273,34.245785602433685,4.309702913179224,19
98942,2531,2527,50.856673502577245,3.6714364856211534,36.285611702331806,4.550724727386296,19
J7050,1835,1835,0.6339571346502997,0.024717267544779084,0.49847112590196185,0.025603795660660508,19
J2778,1207,1207,227.33677605482188,7.557087480525388,180.17463719156586,5.998277531060566,19
11720,6963,6495,31.563160588193448,6.2920830641417265,22.9990685703137,5.09185131593759,19
A9585,3111,3111,0.3273186657737705,0.007551741326805964,0.25765503139051754,0.010970615607391791,19
G0481,1764,1764,151.56653395241042,7.554270610990349,151.56653395241042,7.554270610990349,19
78195,570,562,65.74381093411228,51.85372172509202,51.37727332758246,41.53078887636902,19
96374,2538,2538,36.91091854233648,4.424771990209928,28.62386584813751,3.825432946311958,19
93298,4807,4695,25.83403899876035,1.7027188583381176,18.95252554763934,1.9971695172475428,18
95024,1814,1813,7.718375610412403,1.1305874839679693,6.024568668559757,0.9318506686555305,18
64490,3852,3758,222.3807841168014,93.95127889877142,173.49851045740812,74.66563019855948,18
47000,1111,1109,90.17603932816651,45.51319818175614,70.57552746584967,36.1512836405846,18
68841,589,582,17.259944325494057,4.2682503746632525,13.765402761719864,3.3663172244904698,18
99496,15528,15451,248.3167515262455,47.67871593395098,193.52740303872625,43.49556160638648,18
90791,11730,11172,145.23929524293155,22.86924913489527,107.74046906158661,20.533074119387532,18
17004,9667,9629,159.02960369753927,23.29120396782306,115.83902356054827,20.532533637652246,18
94726,7675,6645,29.194414876593708,20.747028557954213,22.31154842619609,15.97752730806556,18
77295,3123,3008,280.0555968706564,103.82191383539575,222.16570059530451,82.95543594789032,18
93294,7652,7460,29.520273904582982,1.8069582596509994,21.05617823174715,2.4336877290182977,18
93005,6884,6879,6.220596309489672,0.6433200252215077,4.316974728644567,0.7507368192433655,18
33340,1547,1547,698.4921686792759,114.24435344619475,555.5479290623304,91.3839570507956,18
77067,19742,15183,69.14342856240062,40.98074783168615,69.14342856240062,40.98074783168615,18
97022,717,717,11.68697057548466,1.7857883157755075,9.030898039372525,1.4351841151988407,18
99489,1868,1832,63.28534144068202,8.235811711228903,50.15442225355567,6.561726708712633,18
U0002,1464,1462,49.904722275377736,1.383037653676255,49.904722275377736,1.383037653676255,17
85014,1235,1234,2.3105501888180564,0.03478503679844305,2.3105501888180564,0.03478503679844305,17
83970,3438,3436,40.20867084172528,1.3863875369075327,40.20867084172528,1.3863875369075327,17
80047,1688,1688,13.362821791545795,0.33591888627167815,13.362531295607997,0.33603845903774376,17
36589,1614,1595,143.26000338102477,46.49071169902914,111.01613915910656,35.86061767988521,17
87653,894,893,34.308947308772936,0.2684770037490717,34.308947308772936,0.2684770037490717,17
76998,669,662,64.12567504018685,20.36178021138952,51.14359272561435,16.1537810084196,17
77002,7199,7007,70.71805822694054,44.14797587485496,54.48995042740241,34.17858154946003,17
19301,1910,1890,645.8618545124074,169.28425067845276,513.3666634601743,134.64835001536352,17
99348,11560,11544,68.91592324551488,7.402192614399741,50.03480663059395,8.085460691913081,17
77014,4940,4303,64.18793463536356,32.86694571626235,50.867929695164776,26.28085932337251,17
A9595,528,528,737.1195089287689,708.8974782849459,587.2806886776383,564.7368546168519,17
G0279,11301,9488,35.231567383837444,11.241125309510313,25.947440769396124,9.077860480530973,17
11730,3727,3664,111.81666703119694,18.062183794050668,83.18999465264636,15.168232704250352,17
72157,2694,2496,146.44552921794914,82.78318751578018,114.64451748285042,65.11312124869518,17
51784,2812,2770,30.62884742977703,9.585224768733058,24.248822411848398,7.551083255280593,17
51798,9464,9458,10.697376130701826,1.1841275825360094,7.852803555788493,1.0798400796172023,17
J2930,2460,2459,5.386958279775894,0.2435162704982768,3.9947825014024794,0.41751265185281633,17
90471,5005,5005,19.243179553293068,2.3907639251219277,13.094159926293345,2.5904626831108812,17
64636,4790,4542,163.48654239177014,114.34855126081486,130.25550113403216,91.26234773467618,16
72146,6615,5911,98.38319321421406,42.76177454318655,76.04249113315994,32.9962231047682,16
J7323,2314,2314,125.61622286909163,3.108423735238882,98.01371907222774,3.2288935054539842,16
92928,5114,5109,537.4739273429233,192.21042264709706,426.8246953667482,153.44021455537376,16
84154,1077,1077,17.938061067579387,0.27312977918746867,17.938061067579387,0.27312977918746867,16
82274,1584,1584,15.443469611091476,0.9088760890190695,15.443469611091476,0.9088760890190695,16
95117,4047,4047,11.27251036984265,1.4736974246274515,8.055532929275463,1.2768600201035296,16
33286,517,501,93.38304728573308,77.95754062955469,72.30412262576402,61.81464247838451,16
77301,4036,3815,788.5378230684094,618.825802243818,627.8777750144351,493.99951239907864,16
43249,3540,3496,267.02466896930173,265.8173167955585,209.9840984735384,212.48593354692593,16
92273,1105,1105,123.57733025948146,17.079023420276968,93.12344560004524,15.288701142384843,16
88365,1163,1109,57.54634510040155,40.912981797866614,45.905274295001725,32.79238800557401,16
G0483,1062,1062,239.37959919937853,8.87825854981896,239.37959919937853,8.87825854981896,16
00537,3560,3560,305.06230823267975,105.3191243890094,241.62453135992442,83.75692644211587,16
93657,935,935,306.22717794366525,28.294465076275852,244.58782753077006,22.68379221723011,15
00670,4703,4703,397.11227669775377,144.87333800624543,314.9983484804716,115.27654479825571,15
95115,1821,1821,9.465668152266282,1.119460627685843,6.663930618777649,0.981169547383314,15
92537,1130,1129,39.21343534484655,5.228351232891319,30.326834991826814,4.478594648748352,15
92540,1414,1409,105.64784304628148,13.876393746502826,81.01662153197736,12.028887365398388,15
10005,3405,3380,97.33844417583583,34.8057786382044,74.39929105954714,26.85897167749975,15
J2405,1732,1732,0.09438341114203233,0.005936793540548629,0.07424758200404158,0.005306952990057206,15
88309,3987,3968,142.22780660130474,12.627417519254394,112.69145549261249,10.360754477702036,15
64721,3285,3205,502.70602326678846,191.0245406015947,395.6137295520244,151.9427475821585,15
83690,1423,1422,6.710693624530358,0.13480340233409813,6.710693624530358,0.13480340233409813,15
17110,19879,19630,102.89353747565255,17.427547369032006,73.62328322711284,14.477875441543148,15
96360,2671,2671,32.04401525178697,3.4539003663711623,24.928274383184576,2.9840842585921457,15
G0317,1589,1376,26.939564393171178,2.669985528774219,21.315599505089992,2.213137255557643,15
90833,8082,7835,61.56168829576775,7.249112948485556,46.41852170549978,6.44877535834718,15
90834,11111,10694,82.94658720912817,13.535418243680827,62.69001747200852,11.563553343792726,15
82150,1237,1236,6.3223114591115595,0.10168961785991155,6.3223114591115595,0.10168961785991155,15
82977,994,994,6.988644675430482,0.316797612053988,6.988644675430482,0.316797612053988,15
77080,20352,17299,22.016957183097503,13.581593418076537,22.01695553767963,13.581594946567275,15
20553,4085,4039,53.521278579860464,11.491134107513464,40.76616707440147,9.18181665967916,15
99441,10776,10638,46.999653746101615,11.288271879938453,32.86880290474573,9.347426697078067,15
74181,2695,2547,92.57620823457069,49.548323318288666,70.76976333174285,37.13160131930759,15
33508,2000,2000,10.50780615198295,6.300781923059247,8.39270142219995,5.03310737078229,15
85007,1065,1064,3.7064599578186854,0.06505689274192007,3.7064599578186854,0.06505689274192007,15
45390,803,801,465.90656150623914,330.81865923010133,378.4790268136737,276.2186284307028,15
G0446,3337,3337,24.977566738332936,2.761922472074142,24.977566738332936,2.761922472074142,15
J1626,1159,1159,0.3745572333748059,0.010697163064515859,0.2960037794982744,0.009687561139181839,14
01810,5057,5050,88.60843352247458,31.517946988334067,69.34983503949199,24.884606011339976,14
01214,5593,5589,236.62671145796944,82.7752932419712,187.20447479274915,65.66783986012054,14
00400,3449,3441,104.72417076362946,37.4090206950676,82.37516406661642,29.64468794143826,14
J3010,902,902,0.8682195392017739,0.06006619719429121,0.6774374070891352,0.06201632741702842,14
J1439,1209,1209,1.0982458473622003,0.016060604440707945,0.8708091101251447,0.014258352470912988,14
82040,1184,1183,4.811754703108024,0.20146451581464953,4.811754703108024,0.20146451581464953,14
77334,4887,4463,76.7736141116904,28.134465002753977,60.90250660756394,22.303300480770513,14
99315,2989,2864,75.41494581428103,8.509426000927999,58.648458647348946,7.299279812922505,14
A0427,6831,6831,511.36260675980236,47.92142012705954,403.06099988816135,38.02126410835301,14
99443,14503,14274,112.79076498922713,19.53851202505136,80.70538930582687,17.091384779823425,14
75571,1607,1516,64.16436489522714,38.97484738410604,45.50165221656217,27.684598267161057,14
43248,2446,2425,188.23166896788388,96.14344421966968,146.94211767869623,76.37341573227836,14
99310,15285,12479,137.0310863204007,14.131247720605991,106.25711750885195,12.699522441078088,14
88104,546,540,29.64592492457143,11.467211066405536,23.222126152741758,8.760457270313852,14
G0482,1615,1615,192.9857314887362,5.525680567369207,192.98562282206132,5.525738376408585,14
11056,8635,8258,78.24658143902629,17.981063664728545,57.38857776849709,14.072799168192818,14
73221,9256,7864,121.84918223971943,63.086146217381184,91.5593329055512,47.77030110615595,14
G0472,654,654,44.870645001340975,2.591192567703208,44.870645001340975,2.591192567703208,14
88361,682,634,46.28446689552346,16.782335322815836,36.72865346608944,13.36545932792957,14
90966,2056,2037,286.10131669565175,19.781608848093754,224.4487172701362,16.88654575256999,14
75561,1215,1107,155.26386842733334,85.2755900855454,120.01459476959836,66.7580706645902,14
84132,1369,1367,4.639482373457049,0.09753828424716879,4.639482373457049,0.09753828424716879,14
84075,823,822,5.006264674332564,0.31741403445641847,5.006264674332564,0.31741403445641847,14
93655,1294,1294,304.35087250387176,26.896270299297587,242.96860485696988,21.587080125418325,14
93656,2044,2044,939.0013976246038,82.40664333259214,746.2030485064971,66.8674782404479,14
87077,2383,2378,7.884804830071716,0.19275524329546245,7.884804830071716,0.19275524329546245,14
86803,991,990,13.809133408296166,0.8592444771947472,13.809133408296166,0.8592444771947472,14
95004,3634,3630,3.977191666880435,0.5244405898369155,3.0655267146972207,0.44840031434218525,14
85652,3574,3573,2.6357614132990483,0.13894215371929208,2.6357614132990483,0.13894215371929208,14
82248,1151,1150,4.85799358225152,0.26100531442824765,4.85799358225152,0.26100531442824765,14
84481,2763,2762,16.508611858772205,0.375678035274256,16.508608095191676,0.37567716934222034,14
84466,1571,1571,12.396449173318906,0.3491321964844208,12.396449173318906,0.3491321964844208,14
84436,1244,1243,6.712698851593972,0.07042637947917604,6.712696966983601,0.0704260889851135,14
84520,1584,1582,3.8432829911943185,0.14802354189540326,3.8432829911943185,0.14802354189540326,14
00840,4000,3999,206.01917957739772,73.72017606281486,162.226052362462,58.528021609118,14
J9271,1841,1841,53.47720021382689,2.6642373540202886,42.602119284213636,2.1212312454988327,14
J9217,3681,3680,169.53918784407034,7.55268027398747,132.81183868575883,6.032952898878941,14
01480,3586,3585,124.64634648072087,45.07986124136589,97.6859774061188,35.64393349156609,13
92523,1022,1021,224.45323819913895,19.30149076067741,175.22417513424264,16.798487036208726,13
J2777,2039,2039,36.20542648105336,1.4862035388095667,28.815896574695536,1.180953915302718,13
J1745,1352,1352,32.619215912545116,1.667983980286356,25.830642205376996,1.3078708049031131,13
93015,7713,7713,65.50935551820238,6.768470226453727,50.80330616469532,5.524434315580791,13
84484,988,988,12.134762058142917,0.270346165135626,12.134762058142917,0.270346165135626,13
J1580,962,960,2.708974034289397,0.16817979989365348,2.093623175955925,0.17703453508422304,13
J3111,969,969,9.936548112003818,0.20492050743244464,7.886165022353354,0.17083550396546993,13
93923,5254,4915,82.36460759334831,50.46048679245724,62.54499270674692,38.846794693728455,13
33225,784,784,452.16577127963006,38.70791405684289,360.58446799535716,31.28944304122,13
A9502,2723,2722,159.8717087545593,131.05130709456486,127.22920263197943,104.52299647120402,13
88377,706,616,110.72059070469548,107.94503914674502,88.01933834821955,85.99888074273257,13
86300,987,987,20.292788049882475,0.35884355763529974,20.292788049882475,0.35884355763529974,13
01400,1384,1384,123.03255949173483,45.879557121875436,96.85226685926445,36.50745983595693,13
Q4010,933,933,22.456677433475882,1.1097638243471786,17.53987552401865,1.098794506872613,13
80069,1697,1696,8.464154793455686,0.19978346327701973,8.464154793455686,0.19978346327701973,13
29827,3448,3443,1105.066059330551,821.8896641966892,878.9183441453251,654.4771180211279,13
14060,2178,2134,711.8109626422956,119.20651907038587,560.9111724839164,93.92833624973684,13
13101,2199,2173,329.8446648240837,77.6382536288047,257.2489889078813,60.67848285367404,13
87430,500,500,16.317101870789998,0.4005992713185962,16.317101870789998,0.4005992713185962,13
99304,4051,3303,77.41552469561269,7.60913131712875,59.882736844005386,7.171522581398045,13
76775,7289,6645,39.18344217482453,15.80576788777902,28.727948147897546,11.616419802084899,13
99307,9885,8363,37.195449519134854,4.0311604367302625,27.888077344071956,4.3279778974560825,13
13132,3155,3085,300.40208009925516,101.20339642933335,236.9564996808019,78.4149350959368,13
99421,1091,1087,14.401576540769936,3.5279031415776267,10.11230764822713,3.7095630675968976,13
75572,1230,1163,99.26991922489348,47.267392011814024,76.97891031696015,36.66007725422418,13
82670,908,908,27.192898382252203,0.49101397852480644,27.192898382252203,0.49101397852480644,13
G0447,3198,3197,25.114622524307816,2.7978924475626017,25.114622524307816,2.7978924475626017,12
90962,1847,1841,197.88497023590688,17.4792960792892,156.09881394121766,14.519188587183509,12
74250,638,638,39.70987164739969,10.850891930109713,30.627463172979624,7.936807811801529,12
84156,1328,1325,3.5792539655688254,0.10471910190972601,3.5792539655688254,0.10471910190972601,12
23430,810,810,814.4803227492506,1311.7524169842634,649.0723190355543,1044.7665335400507,12
72156,3249,2958,148.9198973455971,76.84620998186621,115.99372474321115,60.263925581611765,12
99454,5684,5660,49.41130071896587,6.526528166579069,37.91519391793415,5.593314776679077,12
J7308,1726,1725,382.9024057774623,8.148273953512277,300.23845621309385,10.68548226654199,12
19083,3504,3435,265.04966645458046,172.6419278418274,207.21135672876514,136.95839309470736,12
78227,861,841,87.41054223322298,117.03605646365492,67.8948074067561,91.76289170789464,12
J3489,3031,3031,8.569792034218377,0.5593949476141917,6.271933454133652,0.5512277530091845,12
31624,2475,2467,65.90351095043947,47.18164776441281,52.12324756908946,37.416786826895944,12
36902,1746,1663,721.1327425045018,661.6963498823785,570.0268457622795,526.0123411515071,12
96361,2547,2547,12.661214226400393,1.2681782055478714,9.97719828278995,1.0654450757348153,12
15260,1348,1336,915.8351047149999,144.21806507901283,724.0991861539837,114.08292854517813,12
99316,6990,6625,118.15781069669714,13.025058806569925,92.37672670625165,11.050128650228759,12
36226,627,623,296.05129109135567,253.91224569003447,235.308133398437,202.44691216962016,12
A0425,8921,8921,9.753396274824615,1.5826308111678289,7.768284586221164,1.2604893522104341,12
72070,6389,5891,20.210885766538517,11.091188562835148,14.867388507940444,8.296255759216958,12
93242,3025,3025,12.036635085803802,1.5611841496335772,9.268860903992529,1.3548932093591672,12
72050,8443,7911,33.1280665300623,19.04155123697943,24.096067038123735,14.171962508357549,12
J2250,1213,1213,0.1523844275985985,0.007578570572405033,0.11931212407658699,0.009175311977316416,12
73120,2584,2441,20.242484573127168,11.735773518945013,14.820351169650504,8.70326142737221,12
50590,1162,1162,680.9104216201893,300.0129574402944,538.9418183814458,238.92458347225593,12
50200,626,623,129.01386926479714,65.21294124935889,100.74092812482907,51.67443602764647,12
93288,2633,2541,41.31730685302351,18.063445723901772,30.207073514414013,13.649399717435093,12
72072,3238,3026,17.676800914095583,11.60897951258657,12.672364521575942,8.313492327489694,12
J1306,462,462,11.793996659556276,0.10358423485109872,9.366135169757577,0.09121030136174556,12
J7324,1500,1500,125.63763213779801,3.124982454698981,98.34775594361933,3.4170069373820726,12
J7325,1793,1793,9.272395523827273,0.20799389877753022,7.277447154901897,0.1957702563143719,12
62321,4681,4491,201.24136565368875,95.13941905816408,155.35286586959498,74.49911991977343,12
82247,776,775,4.848911811243427,0.31300882905959443,4.848911811243427,0.31300882905959443,12
36556,6268,6265,81.75918529759574,12.782598922375247,64.91626443650303,10.30578797304728,12
29823,1678,1674,259.1234894972658,281.416511061804,206.11647155296527,223.8150106341404,11
12032,6469,6413,256.2661504254834,57.620375517960824,197.549633597162,44.67094047713792,11
82310,1435,1433,5.028243547250383,0.16820183478202747,5.028243547250383,0.16820183478202747,11
98940,12789,12775,27.133175850235688,1.8480517134407795,18.68302215565876,2.426824317514452,11
J9045,1413,1413,2.4486916783171973,0.08313091844489388,1.9464527645791223,0.06893193951510393,11
36821,574,574,631.1129986403135,243.5838286490475,500.0422281460627,193.5484549964341,11
90945,1243,1243,84.07283132375946,6.3810843820879,66.70980902003942,5.271887468826393,11
90671,927,927,239.08350399416398,7.533100983759328,239.08350399416398,7.533100983759328,11
43450,1580,1567,114.13322191358797,132.85883669487887,90.84423558695443,106.14024953168742,11
99458,3731,3714,38.92612224406406,3.657237507288115,30.480414333905117,3.2031682687563743,11
36224,675,670,423.4621847242222,316.28030691908447,335.6472217372444,251.30043020590708,11
99345,3167,3167,179.29779908142405,18.00379449715973,133.14601680694727,17.115813598755278,11
87428,10583,10583,45.75725784938638,11.786812827607667,45.75696088883908,11.786931626483947,11
36410,1099,1097,14.851363946938307,4.987867839051821,10.74693245053858,3.5133794674646968,11
87637,1140,1140,138.54935158435526,5.399484071536393,138.54935158435526,5.399484071536393,11
64488,1275,1272,66.0450481946447,5.187732617914229,52.43117404528549,4.2661564134938095,11
51741,4334,4247,8.96429624285263,3.426878803242972,6.762488914205907,2.4355789394130016,11
J0885,953,953,7.330132233968626,0.6667177844771496,5.747438320334522,0.5229857757176838,11
74221,1950,1933,50.08124234399897,33.755439629744885,37.45479473355897,25.011474674690483,11
93280,8806,8063,61.99814506230978,21.167205058449568,45.21573744330116,15.895958595765443,11
64448,712,711,70.28314941390028,7.056383295599693,55.70628503976124,5.521266549716236,11
64450,3202,3169,43.005513443108995,21.742296520536637,33.49928523077327,16.477945659664,10
J1020,1207,1207,5.541191203633223,0.6718925082473297,4.196064488084424,0.6590480963934688,10
83525,605,605,11.143684544385124,0.15175664490631616,11.143684544385124,0.15175664490631616,10
J0881,1114,1114,2.962126921766517,0.06075923242761124,2.3402556830748655,0.05139739030878684,10
J7327,1359,1359,699.0315482751803,13.609057560321771,552.6324736024577,12.184218622870342,10
J2920,927,927,3.859954184098274,0.2098005745534636,2.9355750164004313,0.288413947549735,10
J2469,2634,2634,1.023019672128322,0.06404289983907242,0.811797558336978,0.051368732586365755,10
51701,1732,1677,40.53861573304059,8.22000497178816,30.4178876482679,6.656770684178035,10
72129,831,830,57.223550835767746,12.941102047721245,44.64783470715403,10.490520865625342,10
11750,3477,3466,143.71807921572073,20.44093278833423,106.24126102284556,17.26463181941163,10
A9555,1267,1266,543.6421924644577,223.852597250231,433.5077089300939,178.25922457428788,10
A9577,589,589,1.7457928729723258,0.20830793005903472,1.3763197656733446,0.1726630514044928,10
74240,723,693,47.16273113016321,24.109861349445065,36.33000106147303,18.512292044036844,10
87798,1319,1318,34.25573701698559,0.7476853817654637,34.25573701698559,0.7476853817654637,10
11402,1975,1970,93.92163270780962,25.0498055064972,72.98997976222329,18.435771375469763,10
J0185,819,819,1.7097122631058608,0.03801100263452233,1.3601191766879122,0.03120122985869818,10
93451,1105,1104,131.02475113946608,104.15881487104828,102.8501109874371,83.09450307127854,10
75625,1699,1609,83.78907895538198,27.031824958776927,66.80584027361154,21.53900275826249,10
91304,495,495,143.8283489298606,9.599475430110015,143.8283489298606,9.599475430110015,10
99344,4894,4894,128.72654417369125,12.942312371509347,94.17216115134286,13.815820868170837,10
76856,6951,6510,70.52167107728988,36.87621161858008,52.29770223103597,27.924578574862327,10
87088,2155,2153,7.880454060844454,0.25837004074344355,7.880454060844454,0.25837004074344355,10
A0428,2770,2770,260.15196403098776,32.339840017520295,205.28853474760865,25.555454599092705,10
92025,3541,3488,34.03184053533634,5.7464750339564326,24.83137024541988,4.8622456380135635,10
94729,10570,8919,30.36908862288583,23.774587068878272,23.203798447532744,18.2678624376692,10
95886,6788,6518,85.958197027401,25.39001730886179,67.41462352140321,20.42518823493277,10
43238,468,461,219.18760098316238,80.31259710332087,171.53266575840814,64.42121615512568,10
95816,4172,3832,161.31241025501248,154.79161235532234,125.97780017343312,121.50264637179367,10
82232,574,574,15.793845444348431,0.22286966085537166,15.793845444348431,0.22286966085537166,10
77300,5131,4719,42.48654458955097,14.944202317945049,33.810680108190994,11.896778941375441,10
99195,1009,1009,96.4180173934548,13.929819718896272,69.08936675825551,12.34063989390185,10
96375,5190,5190,15.128029528184259,1.6115251379794764,11.951362144042525,1.327723498491438,10
77338,4024,3807,285.2103440186605,104.0960379167496,227.44251363324304,83.12327363684018,10
J7321,1490,1490,73.58497497638726,1.2568468636989885,57.56198243288255,1.512128668402759,10
96136,2276,2175,38.309428188923555,8.414932777281745,29.69427864061621,6.906664145294927,10
20526,1437,1419,87.61264017363882,14.524314095858163,65.83099444849269,12.071557755595494,10
J9030,864,864,2.8284654436775463,0.04807357229222953,2.194795924447685,0.07719944554889123,10
64633,2302,2261,441.6516461717376,224.4049193727662,347.7577555540573,178.67879740598326,10
J9190,1409,1409,2.333843819707878,0.1388679511696877,1.8401717823944643,0.12177982247133813,10
M0010,546,544,71.89221238271429,3.82782350297598,71.89221238271429,3.82782350297598,10
00530,1528,1526,152.37670599251635,53.6133959556008,120.3416393356813,42.57012525424532,10
P9603,326,267,1.0624618147174847,0.149536227996851,1.0624618147174847,0.149536227996851,9
J7320,462,462,7.166735164762986,1.4105683217173834,5.675863648551948,1.1114050508156896,9
J7345,767,767,1.6189866927237289,0.030317555371566583,1.2749659856599738,0.042566970824895446,9
97012,1606,1606,11.094958210663139,0.795964655148884,8.530921687876027,0.7260425166154644,9
96401,3867,3867,71.73462220540135,7.8922782757326475,55.91947103258702,6.675497363691145,9
95861,395,393,86.1250846852633,21.452518981204644,68.1741489646557,16.9897321182211,9
80051,602,601,6.7996596923074755,0.3041758408960929,6.7996596923074755,0.3041758408960929,9
99292,5278,5277,105.1623928119297,9.805838775276245,84.41888294275957,8.49820123887742,9
76872,4907,4477,91.09547725878214,52.41839342697379,71.23105765121153,41.3872795737479,9
95910,3095,3042,156.49462905821778,33.70322515112343,119.67928848308853,27.410044329258103,9
82378,1558,1557,18.483726570805004,0.4222324549947499,18.483726570805004,0.4222324549947499,9
36832,256,256,818.6479924813437,520.6610376106298,649.8111016998555,414.29009299819404,9
81015,535,535,2.976620490098879,0.04573240415166864,2.976620490098879,0.04573240415166864,9
95720,1459,1446,205.25406803415353,14.219527488017258,162.62671938985608,11.809718774449127,9
95806,1846,1746,55.97278182401896,21.78060671282848,41.801773268406286,16.73155727937488,9
87481,1118,1117,34.219125350019674,1.0470687086409785,34.219125350019674,1.0470687086409785,9
86235,746,746,17.382218323048257,0.5666131247496157,17.382218323048257,0.5666131247496157,9
49505,839,837,642.4702417191489,407.87139268090596,506.605552754323,323.8564528826873,9
73522,3892,3665,35.12635367174332,18.886620722768658,25.380186114661175,13.9112014812077,9
J0178,3204,3202,862.4998980125098,37.3570390198522,685.2807664002565,29.693733636063772,9
93793,4177,4134,11.037371388811373,0.9284662899569076,7.634138715792219,1.12806638421731,9
83721,1532,1531,10.21858420726325,0.3247631378923667,10.21858420726325,0.3247631378923667,9
A9579,774,774,1.5169339265944444,0.12780833626330154,1.195754716222868,0.10634037209231322,9
11900,5154,5149,45.240789560606714,8.67794020872683,32.86438670295305,6.930421597755568,9
75565,423,403,14.562278529609928,9.173536887187383,11.435713308765248,7.383538835407338,9
11719,2511,2376,10.709743112483512,2.501356521362412,7.783998805119992,1.9423663546825205,9
31627,691,689,94.11896656557742,6.127928854040616,74.77010009787121,5.05733838629658,9
83516,1000,1000,11.250318135818901,0.1800061432105206,11.2503153088989,0.18000548256402443,9
83037,998,998,9.448758320712825,0.19384412762844894,9.448758320712825,0.19384412762844894,9
36223,460,458,337.3646771415435,262.176722189906,268.0737462198044,208.52784458902104,9
75716,982,953,118.04730909579328,36.268589806913326,94.01846487522505,28.85237254280773,9
90785,1239,1155,12.608331786787005,1.8749517372315783,9.675903265333334,1.5913528448669223,9
73200,3793,3374,73.09760789726734,43.27090625140165,55.45999154102004,33.06421703004769,9
J3380,620,620,21.528077550753224,0.6846871485427004,17.122617491575806,0.5430402591924746,9
00320,1241,1240,184.5295337705818,72.36251024685966,145.41432054142467,57.794670579193266,9
Q9965,299,299,1.242755340222408,0.2352488248911547,0.975248269126087,0.18401366969140256,9
00300,2044,2039,147.14183916905918,49.754852181727664,115.64988246007289,39.54422568747815,9
52281,715,693,355.4558365966825,215.45044374125555,277.262958402042,171.1818286284814,9
64582,191,190,1960.20299343089,5179.93302622313,1557.8098141379162,4129.4807687814355,9
J0717,847,847,4.8962414080675325,0.08858888498960935,3.886147514105549,0.06923178125027064,9
85045,1062,1061,3.8905254632827684,0.09980895657554281,3.8905254632827684,0.09980895657554281,9
84155,791,790,3.5661758710412137,0.17718585017439456,3.5661758710412137,0.17718585017439456,9
13121,3355,3300,309.8163634740894,92.3284925370199,243.22076414478659,71.70076180379333,8
83002,580,580,18.061089773277583,0.2912915809906356,18.061065142736204,0.2912905668700911,8
82948,371,371,4.883419633354717,0.14149844558347788,4.883419633354717,0.14149844558347788,8
94010,9608,8763,19.67767301304978,9.13776395722969,14.65888524104847,6.860041424956221,8
31500,2144,2144,139.08723585734606,11.265654071254573,110.40061858885868,9.175956142516496,8
43246,752,752,190.77954754304523,30.514520060357523,151.04333444254388,24.55810835879932,8
86141,889,888,12.627245596228345,0.2900527775631211,12.627245596228345,0.2900527775631211,8
69930,177,176,3661.4028236062145,8169.962403982847,2913.1973704072884,6509.415961911882,8
93246,2996,2996,12.318405447027972,1.6364297139128345,9.515125061807677,1.400079750239125,8
J1602,1040,1040,13.107464055094423,0.44363482441465446,10.397232465758364,0.3435800609732907,8
J1561,180,180,45.54120948258833,9.7401653238339,36.24864386419445,7.752838555537415,8
29848,1338,1331,534.7255251798356,116.43045016800077,422.0211179955381,92.39825170232047,8
60500,477,468,883.4579310773711,423.9220271893702,701.2109764604235,337.28081235172675,8
51700,3020,2935,64.17375098219702,18.50387522029014,49.68813188358931,14.53158564843039,8
84480,1141,1140,13.845794884134444,0.22462893046385554,13.845794884134444,0.22462893046385554,8
26055,3027,2946,358.19675172418897,174.77595877143017,280.98290083812685,138.4690689182805,8
85060,2635,2634,23.661302788082732,1.2853773688829266,18.610351527909298,1.1849870331430261,8
93272,1833,1732,23.402911569344244,1.2584545130585172,17.878130778461646,1.5246512360526854,8
85055,436,436,34.87978143270642,0.4895882943313122,34.87978143270642,0.4895882943313122,8
93241,466,466,263.4155589615708,34.686927090677834,205.74818117266094,28.319905339493932,8
J1071,729,729,0.028217771985596708,0.004448588235788675,0.019970739225925925,0.003496081179518418,8
11055,7086,6793,66.87338403382195,16.683667551635978,49.069265464414975,12.943739220252535,8
90832,6609,6156,62.27617456530065,9.762137861847576,46.830870103896864,8.688503315307155,8
84295,700,699,4.653313052880286,0.27815840090186733,4.653313052880286,0.27815840090186733,8
10040,963,962,109.52075130504154,17.879179584044948,80.07850829170717,15.468392903333942,8
76377,3566,3278,48.75907448537689,17.538983967765923,37.938385012704714,14.021036520270174,8
36227,335,332,157.7131684333791,34.74912193853847,125.96027208117016,27.734673677694754,8
83010,485,485,12.280782597991752,0.1571850551506534,12.280782597991752,0.1571850551506534,8
95810,3738,3510,267.369956443703,222.71553121306002,207.4131819563601,175.65621354159526,8
97597,6285,6054,74.8836158329031,33.748349180626796,57.348254696096404,25.93781032074904,8
96130,1111,1066,113.98084271457155,10.116642187718808,88.07465240808551,9.840951594509873,8
67820,2011,2009,20.355318877753454,2.494950925082973,14.760765473616559,2.279185807173041,8
17314,1270,1266,390.43475910056696,63.884718124809105,311.6108034620551,51.06884169205021,8
J7318,1209,1209,6.459130974821836,0.2643163061009514,5.08613511425029,0.20183569383318792,8
29540,1430,1422,26.434467629810353,5.556466503911356,19.801178406365175,4.471938932756487,8
61782,395,380,172.21297874088606,12.26916689864317,137.5038259949367,9.838901569134373,8
92020,7652,7570,27.653831042355854,2.7434682687346905,19.779207844970568,2.839207780291967,8
70487,209,206,59.46075656463637,21.169259628083974,45.03631954751675,16.730369767806362,8
69100,4756,4753,67.07733161975273,12.62314008439435,49.138173299623844,9.969939537357499,8
96402,4762,4762,33.324901593724064,3.6021676687457957,25.366495252734566,3.229995357729586,8
65855,2845,2792,221.78118520704848,51.81741398263637,168.05636222505552,39.79071625727159,8
95909,2776,2731,117.5571301887536,25.714508812388136,88.96839547706125,20.710977177496385,8
82270,1992,1992,4.264410893337902,0.1824594153762536,4.264410893337902,0.1824594153762536,8
95870,255,255,21.18401888739608,9.741743883135666,16.73798310335686,7.587502297209816,8
15823,1771,1715,721.6541316355392,130.12745933145342,570.068636139616,102.54895070286993,8
52649,220,217,866.4539305003182,310.7437963967631,686.4302379876364,247.63931149512985,8
J9144,615,615,47.312778870860164,0.9949155721795409,37.6883511874309,0.7913034101920181,8
96132,3327,3169,123.36282572030177,12.761627140496953,95.50043276219147,11.189396207992292,7
00902,1324,1315,113.26181904627872,38.6384525041606,88.80047434384365,30.717004053047283,7
19081,1719,1705,279.4949178773066,169.10759173974523,217.93615246332226,134.06654819606644,7
67145,868,861,234.93145293780069,32.44168890478429,179.10477413414054,27.129787023919334,7
Q0138,1238,1238,0.49825505467229403,0.02123373325255585,0.3911247112944265,0.017421382573343223,7
63048,2817,2816,144.52078333036846,83.82367148106752,115.3502905843674,66.94300130440762,7
00103,2242,2239,142.89143605857714,43.01267467742536,111.77653517969536,34.24303643938089,7
Q5106,695,695,7.733310363252517,0.2626265172135408,6.059328147473094,0.23202492342672362,7
64999,1146,1145,55.15631220194328,242.08294226827192,43.97409639059249,193.19347920171057,7
00520,2316,2307,147.78154915209845,51.6353193890676,116.93564213937609,40.98162637673929,7
88334,399,398,37.14133265487218,3.3703556669192416,29.533897890162905,2.743992260572875,7
88331,4804,4652,65.90772100033577,14.063935445856744,52.25380618666924,11.129681263346955,7
57282,162,162,584.1820349229013,610.4266735741543,464.71465758225304,485.35452047044544,7
57160,1148,1127,66.71310918352526,13.583451992674064,49.43732183395122,11.07014961676705,7
92504,2867,2788,25.84106478796463,7.452206412503961,18.985956367952284,5.792060947811021,7
64491,2709,2628,98.06063923012182,27.396171236005095,77.75347069432705,22.118706617203127,7
J3304,1181,1181,16.61778919222015,0.6610262733215059,13.101970213505759,0.5927726255162362,7
72082,1740,1611,38.78708223699598,26.051203399722176,29.023684662872416,19.63022390911018,7
92978,2679,2679,92.95605791404031,8.052193092690064,74.20990277770848,6.45065948311217,7
92507,1810,1808,73.29685543157679,6.125468468867585,57.220634864071826,4.874121970974123,7
52005,491,491,171.58504008512628,206.8170072185089,134.59338669948676,164.01638586691752,7
33285,1762,1715,1509.247032208966,2275.4363618939337,1200.5461790379188,1813.2777104597285,7
71100,1945,1823,20.78510196081296,12.296163611243868,14.847603216373523,8.824929805453765,7
01630,1704,1704,172.2136563657811,63.452342461825005,135.61361778534447,50.367443998455244,7
G0403,2029,2029,14.432884723134055,1.325622856093237,6.900706653728635,2.191708472025126,7
10061,795,788,215.84508687406668,24.57866381899359,163.60715011613584,21.88990390470107,7
G0181,1996,1990,100.09639202845291,10.865451176074911,77.37496108130861,9.431441898719552,7
G0296,1055,1031,25.878481780798484,3.1791178368099753,25.878481780798484,3.1791178368099753,7
A9503,525,525,39.731559650161905,32.73496201770793,31.543193119242094,25.96299229765771,7
45388,333,329,457.73184448219223,531.3582656060266,370.4579095143934,429.70811083410865,7
G2012,724,720,13.76169823521906,3.3969217746248557,9.709332576975001,3.4956973118167,7
G0452,679,614,46.74789474050221,4.419129553987328,36.47284261634315,3.8592603708880033,7
91312,805,804,0.00999968030136646,0.00011575569602520136,0.00999968030136646,0.00011575569602520136,7
86301,339,339,20.352211470696165,0.1726006892485029,20.352211470696165,0.1726006892485029,7
G0127,3261,2967,17.060845613272033,5.336465742323082,12.506592620734498,4.07036050567107,7
A4562,725,725,64.91786578970206,5.495118401761419,48.97004009064041,5.19072346618541,7
87210,452,452,5.654229858329646,0.12628164364186317,5.654229858329646,0.12628164364186317,7
77307,572,569,175.19299873802447,51.92355319983526,139.2458501929388,41.516160562683666,7
37215,303,303,907.8044873772938,184.37413460214296,722.6291763964125,147.18720213256262,7
96366,2976,2976,19.988306779332998,2.033136048615742,15.663004401961123,1.7151312295931564,7
82172,277,277,20.22523340968123,1.8605110246720404,20.22523340968123,1.8605110246720404,7
77290,3793,3650,181.41773903117587,162.11703411111068,143.51445736286212,128.6886889592417,7
36830,234,234,681.4688222730897,433.5785103547784,540.7078655880042,345.08446030915775,7
17262,6203,6197,151.2708215434464,25.300409713098897,114.56049104638949,20.338182439459388,7
77065,10888,9302,63.09086753173714,39.589801063396685,44.783351832445206,28.260762290302313,7
97166,4156,4155,100.25236244798798,8.02783183093243,76.4408869500089,7.471034458068668,7
77435,1503,1480,644.3713319639122,43.92698840943554,512.1503860035396,35.658732715567524,7
87631,635,635,138.60746120921735,5.88947384293544,138.60746120921735,5.88947384293544,7
95718,841,830,132.94496242827586,9.125486875664565,104.88167692423306,8.138518921310371,7
85730,803,802,5.866098471912328,0.1153467348810712,5.866098471912328,0.1153467348810712,7
82950,113,113,4.4278337158185845,0.8467206935468865,4.4278337158185845,0.8467206935468865,7
94640,2910,2910,8.482380127890963,1.3087986963647138,6.098259240784707,1.274268768082397,7
92235,2211,2192,131.96757927691453,29.412429413843626,100.71109976006649,23.323140472868342,7
36475,1222,1220,1031.0306311750408,258.7121524890693,816.0625839752046,206.10838106161646,7
97032,1489,1489,11.563432104356078,1.0208550171166448,8.921574011927065,0.89275557759068,7
73020,1845,1776,10.407649405050352,5.526802064131568,7.871188073597398,4.139709595520774,7
93662,674,674,72.75259222348961,6.003658889069037,58.10683577653353,4.829761447253146,7
93653,945,945,829.1947851978836,71.21995763703593,658.1794516592698,58.448784789665496,7
11104,6931,6870,110.7736807203327,26.879263290131924,81.150627051377,21.260375889884028,7
11301,2781,2775,99.44858741509566,20.014723982370384,72.68531209133405,15.881156598649993,7
87641,670,670,34.302803813322384,0.36682663720164416,34.302803813322384,0.36682663720164416,7
11306,1323,1319,102.32664882955102,20.10603585718335,76.00458340067497,16.28253891766836,7
75726,372,371,100.77514954137634,22.59290185044576,80.40400761394086,17.996494592121067,7
A0433,1632,1632,726.7185820518995,67.85550108481802,573.5244098792463,54.20686945498596,7
J3475,858,858,0.7655801059410255,0.041808625500435875,0.6043471911227273,0.03780437721691893,6
J3490,2838,2838,553.7020394716939,961.7335280604321,440.76975978982784,766.1296397585935,6
78803,918,900,122.16067510932788,130.08802645545043,95.44835029377451,103.06213070875651,6
96138,2099,2066,33.30685293706674,4.297501203090518,25.845930219431395,3.637345999835611,6
00630,838,836,243.21348306311813,88.17825133992687,192.29028921604294,69.9980938821262,6
63030,373,373,840.6762729324558,722.0720242912821,668.7412046865684,574.9547094066186,6
95251,6146,5989,32.710543394983404,3.3092626666295795,24.95002233455739,2.8261214385466875,6
93978,4253,4069,131.38457720616222,65.25690614487016,98.56548135361064,50.322599303929465,6
87184,290,290,7.314453436809655,0.054187721301995465,7.314453436809655,0.054187721301995465,6
86225,687,687,13.33076075834789,0.4735267198000026,13.33076075834789,0.4735267198000026,6
86160,706,706,11.643375904135977,0.227573467081878,11.643375904135977,0.227573467081878,6
87624,475,475,33.98459580020968,2.398265082544518,33.98459580020968,2.398265082544518,6
31298,177,175,4529.005980221469,898.5186603517718,3608.0350680050847,717.3032678080893,6
87209,164,164,17.464821075810978,0.67610100041396,17.464821075810978,0.67610100041396,6
87634,411,411,68.31446573017762,1.7632474685733786,68.31446573017762,1.7632474685733786,6
38792,610,602,27.9917650815,14.580281892495803,22.06608768787213,11.575391440938466,6
14301,1036,1015,909.3491299042694,330.40990267352925,722.0357707530309,261.8204701894958,6
76881,1640,1605,50.04548590201055,10.924378733186272,37.65419634303061,8.792449601073336,6
87591,514,514,34.20598133873736,0.787127867708544,34.20598133873736,0.787127867708544,6
82465,387,386,4.248702729145994,0.046098745903547705,4.248702729145994,0.046098745903547705,6
95938,553,549,68.59535812938698,86.27960242950327,54.06728184058951,67.64429176588027,6
95908,1109,1093,94.521011815477,22.286665863218097,71.70264880364292,17.632665408465538,6
96367,4032,4032,28.490254246928817,2.875034242005891,22.51063473844246,2.3411619599056985,6
78072,295,292,112.10026678604407,111.19625527866509,85.0803676455322,87.15651468914427,6
97113,2182,2182,28.396241089721816,2.790886991919632,21.805990095582036,2.4243161546506498,6
99153,1797,1778,10.941125273805955,1.1850070074043362,8.705167081809183,1.0003907401130498,6
82533,899,898,15.884974199568745,0.33834454527743085,15.884974199568745,0.33834454527743085,6
81007,173,173,28.12900579783815,4.454228343427769,28.12900579783815,4.454228343427769,6
37224,354,353,486.11861839412427,528.4988586141166,386.42171082697735,421.2825639699544,6
95811,3679,3425,281.0684459251615,234.24315773974283,218.85382837382062,185.0204115074422,6
90970,761,753,9.12959416091498,0.7126621265064553,7.2340224335812096,0.601738019549022,6
75710,2494,2350,104.15641068531355,33.580150700998026,83.00676678532398,26.772518525507394,6
11755,814,813,115.98262898688452,16.509893494931994,87.21481470317813,13.913617933561481,6
46221,929,922,263.2188359674004,60.0156704871505,199.77497069613887,46.43328429877931,6
A9581,154,154,13.847363159608443,2.3189531767258513,11.01478545977078,1.8451022838041358,6
C9290,451,451,1.3641310645878049,0.04248819767126209,1.0878905309037694,0.03367842553970509,6
73701,762,756,55.58145038643701,7.929931542696046,43.01729969427297,6.488578207141089,6
88364,632,602,46.62815504334652,32.91016031754168,37.13606350660443,26.209514987446735,6
J1245,318,318,3.5808368983317616,0.42262129562590195,2.8390182565062894,0.3399273068330627,6
93622,224,224,168.06352195160713,14.822009483448028,134.1051170611607,11.986145238793426,6
93503,1313,1313,87.0130902847007,5.294448959336929,69.39320939517137,4.279205137684083,6
J0129,1220,1220,42.02140858060328,1.1566667205164942,33.40084974375574,0.9115322224994444,6
84270,841,841,21.0644706278176,1.0249837038839618,21.064451109274195,1.0249793639392817,6
84300,242,242,4.944087675636777,0.07722469291314561,4.944087675636777,0.07722469291314561,6
49324,165,165,402.58318883876365,322.2639836194448,316.68298154120606,257.04445281854873,6
11042,12353,10709,89.74558684676427,35.36484193687555,69.5247730423625,27.32854743548199,6
11310,1061,1060,93.1344329805344,18.309964968286298,67.55198004097079,14.724658499783933,6
28820,126,126,224.41014916334126,282.94348507063495,178.40694608298412,225.46486936452652,6
93229,2090,2089,867.9419317911053,97.029833700229,688.4221561346316,77.9748042052649,6
51720,1427,1397,77.86988455693412,20.995553480062444,60.10774765164331,16.479579655693097,6
85046,586,586,5.43649004476058,0.08822001638210067,5.43649004476058,0.08822001638210067,6
J0665,335,334,0.017768190119402987,0.0019728710949484442,0.015044962961492537,0.0027103987452279732,6
J2357,581,581,37.01631474024578,4.260344282150326,29.397113858262305,3.3850981363196935,6
70552,250,241,107.500575424388,62.486515314997725,82.579727546772,47.40633632061056,6
64615,1853,1823,139.97316874101458,24.492240083075245,106.34560136809175,20.695497819930083,6
01844,1035,1019,184.6115660096744,68.08589893133889,145.5558797148918,54.25661987278838,6
01926,1911,1908,243.52302795012037,85.87534740735781,192.66594274820042,68.12007911392845,6
70548,240,232,88.68581887890834,48.53025325830749,68.7633025441375,38.31464007116367,6
70547,1241,1184,89.85901303064625,66.63372703256675,70.28927841930862,52.36825990178807,6
01992,1875,1778,111.952935444408,34.28180512313037,87.37044159605013,27.175795120487837,6
27245,2290,2290,1036.380315934214,404.77719943108804,823.5724863811323,322.747129599404,6
92542,253,252,27.65956376834427,3.490517206609637,20.590409816233993,3.1359397344841287,6
J2781,490,490,150.5274627424898,2.8866696575388984,119.93079836316122,2.298274330433139,6
85379,697,696,9.916563775743903,0.23463365076751241,9.916563775743903,0.23463365076751241,6
70490,791,769,82.1389371660885,37.49956470953367,62.53613191192035,28.46548644461896,6
Q9957,1073,1073,44.0255580040028,1.225750523613004,34.32136972901585,1.5391838730355463,6
0042T,1083,1083,213.00741393117542,46.25579674379807,168.41450193374328,37.02343821284136,6
Q5128,373,373,271.68236312710457,5.659068745864438,216.44749438375334,4.498412221189472,6
Q5101,274,274,0.20381019828540145,0.016816322017082646,0.15871792789744524,0.013248693052442518,6
00140,3439,3420,125.77961382627072,37.49842215009768,98.72360440828089,29.744018103268864,6
43270,191,190,245.23048668141362,158.90521301983225,189.32288999497382,127.37422826872414,5
77066,9688,8488,79.47136728475206,50.97903267779296,56.923510501338775,37.05683263631695,5
77280,3464,3348,118.2207119588291,108.63991460539943,93.78637190584614,86.509697708376,5
A9541,167,167,168.95022176402395,132.07677081599255,134.32133046224553,104.51716632955831,5
A0434,591,591,876.3666456168021,79.3285017234685,695.5899783747209,63.32850085880744,5
77332,1383,1365,27.92791913581345,6.639447397407321,22.09161861675987,5.319831224627419,5
92136,9245,8719,37.613763047981074,8.78318104026777,27.6184686264732,6.630469569018597,5
64416,271,270,77.67841721324355,4.802647118022663,61.300865628712174,4.178941438808084,5
92552,1545,1545,35.3312498883178,4.569135090585212,25.110225812965698,4.307782367190765,5
93456,480,480,301.25018524833337,108.03174261640534,237.3240195938125,86.1769871147177,5
93975,4253,3995,134.55191030231038,103.77254861571056,103.03214880832682,80.32649464975522,5
99498,1339,1315,65.98930076201793,7.750926158677769,52.59682451229567,6.785006091205756,5
J7620,1170,1170,0.13512155081555555,0.008124169954613725,0.094303976207094,0.012783640671138668,5
93571,1952,1952,65.33100625290778,12.034528036028044,52.14434640677971,9.607716729436687,5
64405,735,731,74.71512721715781,21.15269813671467,56.8770108213347,16.329335114682532,5
93650,323,323,539.076478021579,54.65041463257372,428.5095128317957,43.869401598234376,5
77401,426,426,39.85354442446713,3.6770075869636174,31.532884391967137,2.967510196278945,5
88141,718,713,23.163206700722146,2.143793615946695,16.084840724872144,2.489926719902846,5
G0471,155,117,9.932944961520645,1.2080020801357392,9.932944961520645,1.2080020801357392,5
15271,1181,1157,113.14380319222693,39.27934764840884,89.53288536483066,31.483141133946994,5
15275,904,887,118.09196024699004,36.56337354515585,93.47712946191152,29.107276206334713,5
95913,1552,1527,265.2284204267146,49.3138692375656,206.20793084420555,40.452876103552796,5
88363,1195,1166,19.567064074227616,1.5982756083293475,15.478486593650961,1.419455147744314,5
90670,627,626,246.51062003893142,17.319804631829978,246.51062003893142,17.319804631829978,5
88329,365,361,36.03289010464931,4.391381738363875,28.54019983537534,3.499908381744889,5
64634,1511,1475,169.9740323887849,111.66113739652711,135.4584831569239,89.18054535140173,5
78815,7456,6562,546.6508973804523,656.3064498777599,433.1236162428179,523.592274179428,5
80162,294,293,12.997897775282311,0.08519048463009121,12.997897775282311,0.08519048463009121,5
99451,1018,989,35.13353999875638,2.5523044669396486,26.348312403221414,2.8720997048414008,5
78451,331,319,107.79848219606042,92.73830111175671,82.43566395506949,72.66034621771698,5
95819,2793,2573,196.7345937242857,189.1159673429159,153.84118727438738,148.52929634168478,5
29550,458,455,16.487386628221618,3.698393376510498,12.469907009220961,2.9126121666187705,5
J7322,509,509,16.62723599740079,0.2554708968258226,13.174654450962672,0.2560408445316064,5
45382,190,190,279.0981365756316,96.08285481944623,222.00565917763157,79.27480598417299,5
90870,514,511,104.89086311725097,6.363280075005415,82.06422828510895,5.691326679301985,5
90838,467,464,106.97602887774946,12.221234366351553,82.59498238734048,10.326575462301772,5
92202,2355,2325,16.14667129477155,1.1200735213641348,11.817560377168874,1.3333663138860967,5
92242,206,206,256.8796406530874,52.56459044039146,199.4196694341408,41.82168595288427,5
93925,10796,10087,151.32563682394942,102.7926724211037,115.99445591446008,79.56335015849353,5
22853,4083,4080,169.42957205570218,103.56765124790256,135.2637775638648,82.69778780041241,5
92002,2777,2772,84.62930253283112,10.770396148977728,54.98489190341447,11.44141069673455,5
57250,252,252,350.6971364514365,198.7639526405865,278.9330499844881,157.847215664945,5
J3245,225,225,137.6573784788889,2.0972533201662875,109.56866261862221,1.688684820033777,5
88344,1976,1879,66.01208452321448,52.21675473253348,52.237347090228035,41.42569754780834,5
88177,671,666,21.5306319043693,2.6570125480508158,18.351077438147094,2.9072005538789814,5
95939,442,442,122.31826090723982,40.0517447133086,96.94035861069005,31.968129476698454,5
29828,1010,1007,1050.5295168572711,1193.685238719981,837.2531498220228,951.2832201051906,5
95930,388,388,65.53105164614433,9.049479329062267,49.889934365541244,8.048614245274656,5
14041,1018,1008,871.7463186053536,113.78715194902225,689.4594215327799,90.03773553311292,5
13152,1372,1364,271.64217266804667,78.63456504386276,215.615240780758,61.44848056503967,5
31231,6354,6198,172.72855915100394,45.24132446785267,129.9296887426344,35.342544033191494,5
96139,1263,1234,34.62104938322723,3.7699983200065974,27.232305467073797,3.2122721111978576,5
11043,2588,2061,180.35994545534584,44.113385915642155,142.61174165041422,35.10900110784013,5
86430,222,222,5.990671431790091,0.08846275633134645,5.990671431790091,0.08846275633134645,5
86431,1284,1283,5.518470865064642,0.18590810632585544,5.518470865064642,0.18590810632585544,5
84425,180,180,20.334615348758888,2.054913254313621,20.334615348758888,2.054913254313621,5
84402,526,526,24.666329275205893,1.314767354900034,24.666329275205893,1.314767354900034,5
J1568,381,381,41.58857076102625,3.031257277356097,33.091361142167976,2.4151262101420454,5
76981,1146,1132,71.85329051405061,37.84102962449989,54.297922570055846,29.190942983849197,5
85097,2219,2056,50.39202900994998,7.996725369476551,39.848720266579086,6.373949579578065,5
61781,371,371,237.25593243808626,38.41200879434255,189.55775813460917,30.720652753422712,5
Q4038,547,547,46.7833377056819,4.091750504001831,36.22404152706581,3.459035067230991,5
00732,1346,1346,140.01229975099776,45.2331536744674,110.25171595482986,35.93114709514029,5
00145,2501,2488,155.50165437524151,48.25383059235633,122.24742875198599,38.47512354073958,5
93284,3398,3185,85.6429540470774,23.159904069151484,63.471505800236905,17.827247900728036,5
51702,3438,3410,55.07595687221611,13.685223194977329,41.18353112341419,10.468116969676881,5
72052,1069,1046,39.45940405257811,23.032838446807823,29.031122624505894,17.282221573436903,5
71047,170,155,23.51789362244706,13.977925581225374,17.13758336426706,10.107924857985008,5
0504T,299,293,67.38595613046488,53.04932113344181,53.146757981578595,42.349402965749604,5
85044,222,222,4.208981195081982,0.041039484662329484,4.208981195081982,0.041039484662329484,5
27236,1548,1548,966.2678088562596,416.0448797469434,767.683003903303,331.60202667777554,5
17312,2830,2768,394.5191294970106,76.01330851853119,314.8176254320954,60.74965695322867,5
72020,1366,1330,10.014884349431846,5.515059232946845,7.56723920542877,3.8950182432590776,5
86077,468,449,49.022353766506406,3.5092101208443007,38.41530059526923,3.0664139742688996,5
84146,629,629,18.91338006426073,0.25262233608460916,18.91338006426073,0.25262233608460916,5
17311,3047,2967,570.8997128450509,119.6143338076414,448.2648239304201,95.04218894237287,5
67904,1018,991,755.955196375943,126.09114921095353,597.5719994134087,99.58115993271126,5
96121,430,410,72.72347061546512,5.672338215922693,56.66393875255814,4.824104246257692,5
87340,721,721,10.062402942923299,0.25974862804659227,10.062402942923299,0.25974862804659227,5
87220,242,242,4.155432798395041,0.07632924898807673,4.155432798395041,0.07632924898807673,5
87500,837,837,34.30934961241936,0.47087746646239637,34.30934961241936,0.47087746646239637,5
31654,540,537,64.98815698866852,3.8596632966981264,51.88874461244074,3.0971283857761995,5
86706,614,614,10.471474157524103,0.28420673912050914,10.471474157524103,0.28420673912050914,5
31622,381,379,108.89280306562466,61.312981337373145,86.11913266041732,47.9657774487199,5
87801,562,561,68.00599716728523,3.730630571134447,68.00599716728523,3.730630571134447,5
J2010,295,295,9.852864729441016,0.7503511162178983,6.815307388306102,1.0654686855054218,5
83718,274,273,8.014286084914234,0.06877472145912972,8.014286084914234,0.06877472145912972,5
84144,447,447,20.328479856747204,0.38542036222616544,20.328479856747204,0.38542036222616544,5
83520,375,375,16.83433669252,0.3004364504028483,16.834325377205335,0.3004333212230944,5
73070,3120,3028,15.752033417551122,9.724885838966227,11.719543305252405,7.258102225964542,5
87640,1017,1016,34.21336016346165,1.5606243687974442,34.21336016346165,1.5606243687974442,5
49422,93,93,266.6218651067742,312.34386278721604,210.76078682866665,249.1195188297079,5
G3002,327,308,74.17375370042508,9.95977749579109,58.340036893437315,8.121119714367156,5
82784,1544,1543,9.055762934091451,0.28707093623498514,9.055762934091451,0.28707093623498514,5
36466,250,250,1422.5834726528801,264.239401042536,1130.44540758518,210.37198332704287,5
83001,682,682,18.065033326616277,0.5928366930372547,18.06501226659575,0.5928342824833982,5
82985,213,213,16.175894776937092,0.9924591554504588,16.175894776937092,0.9924591554504588,5
36514,165,165,109.88003685877577,96.43668264792561,86.29028207869091,76.46780002639312,5
87491,530,530,34.22485288457547,0.7170109050194204,34.22485288457547,0.7170109050194204,5
36591,699,699,26.618967377585122,2.654220034586314,20.07396095457368,2.449625436215732,5
73718,3684,3244,126.78402465007302,77.26915182294894,97.44787297298616,59.237546266744324,5
67228,653,648,328.47938827534153,51.00966959540896,254.80719803536445,40.73596724652202,5
73523,2267,2111,31.90838308668769,21.310952838336494,23.109792848514687,15.557916713295922,5
73720,1566,1458,143.64393792611622,88.89017979037871,111.38833304144316,69.78914716351035,5
77770,108,108,125.91529113428705,70.33351549985684,100.05605260525925,56.26918011345523,4
92548,348,347,46.89617885510345,5.684961498969886,35.5999522352931,5.178888180413336,4
J3262,618,618,5.810454295909223,0.3812536861007865,4.618975878082525,0.3031910875311411,4
66991,1451,1445,1738.1831402356775,1330.104973436831,1382.2669240930393,1059.5410872304417,4
20985,1394,1387,133.46146771892754,37.757966516765755,106.4498404525244,30.166555372966013,4
11302,1549,1544,118.62363535039573,22.963940589958824,88.10194575027437,18.674229922349245,4
65800,97,96,163.41691149325774,230.31748060792793,127.66140868588658,183.02614209692285,4
14061,839,830,916.2038391857807,124.50066613847046,723.9613089820621,98.3460264188448,4
78832,148,145,195.10572988307433,245.58289851336582,153.15235935959458,195.0549617412421,4
G0318,948,946,27.051393909477845,2.473527363748124,21.155223780048523,2.153982179869832,4
13151,739,737,238.62159633797023,68.58962232999096,188.8484395961705,52.69386690099386,4
14040,1151,1130,707.4097321563597,144.2552929591253,558.1750806688532,114.03725658394896,4
99347,4513,4507,41.87374135483603,4.539022370032587,29.8391286705729,5.781047283402758,4
80202,168,168,13.257184523386902,0.056736289911282954,13.257184523386902,0.056736289911282954,4
67042,1087,1087,1259.212902711941,489.76266169862265,1000.6546809477462,389.1014568295062,4
J7312,492,492,196.2832138406992,7.549153274434866,155.9411694698821,5.9649334515351216,4
65756,567,567,1382.4164639554497,453.64646103333376,1097.4829417936685,363.4342579159209,4
29581,913,885,75.84750552017525,32.713990910389796,59.24748732904929,25.735164491583202,4
95912,1494,1476,230.23643093347857,43.399956191622174,178.19464252560377,35.853429125329775,4
45384,938,929,247.22192111058212,139.9416337170306,199.31048600831556,115.50654173793173,4
22614,2522,2522,270.07821694163084,151.0537733411755,215.59156619250993,120.61584325338202,4
95012,1298,1298,18.588909996678737,2.55545260016179,14.058875248789292,2.2142520972315367,4
00912,605,605,128.46511023100166,39.34821585330732,101.32772787554545,31.315311410121573,4
57240,94,94,435.3242631524787,318.14530973092616,346.1364063829894,252.36071224909404,4
91122,428,423,199.92569706815186,89.96742742192517,157.18600427805842,71.95248891859313,4
90836,1981,1959,82.892372521843,9.343696066804526,63.512149111781426,8.28442079319939,4
J7329,962,962,8.942301463438149,0.21564917985291124,7.045470043154054,0.18535464532095355,4
45381,1734,1722,143.902330446955,151.9760283199094,118.68551249993615,125.52230583460303,4
78802,80,80,51.703997833749995,53.70339615215735,40.8352162369375,42.694132338675,4
78580,922,920,35.70812594125488,12.521944574238963,27.557760469018437,9.608774073300458,4
90715,577,577,37.250624986668456,2.7633704183539742,26.554798950003814,3.605031396885849,4
J7331,293,293,19.078283296503415,11.886676248226943,15.101985245882934,9.435486358480201,4
94690,170,170,42.93152277051176,9.702940137288842,31.87589912064353,8.056830364288706,4
99483,1840,1783,249.1720572452402,40.34156470547422,187.09444860543422,34.454702569305795,4
93623,933,932,82.85624133683923,7.706649750582628,66.13420084112862,6.199513619933864,4
92283,367,367,51.05967173356676,7.324971919239583,38.07713567941145,6.659613981651588,4
22633,1676,1676,1181.0391214831145,721.6045544258579,940.9945774743557,575.9808331992236,4
64417,187,187,83.05464412968449,66.79193749796201,65.01685067783957,51.825246740620294,4
92588,1001,1001,34.40193145884006,2.9239058800187645,24.959167765234067,3.317211043360298,4
38505,356,353,91.53703781153371,59.62864676391792,71.65297236432022,47.12877481251879,4
37253,839,786,148.35096356623004,48.677472779290376,118.36118145179618,38.837646076739425,4
11642,1143,1130,147.27830742936834,43.941359919018865,114.71380818508312,33.197565759689304,4
92526,788,784,85.29435728508629,5.862142766425152,66.94620673046954,5.050743719472274,4
92541,156,155,23.851690514701925,3.3991891281389384,17.97526801950577,2.84400897653074,4
G0145,350,349,25.93608841290857,0.15004791976315351,25.93608841290857,0.15004791976315351,4
92584,238,238,110.52743911206302,9.972491985725858,86.50933448042018,8.615912629973726,4
92201,2640,2619,25.363350436874246,1.8303733475171222,18.44526019009057,2.135993926070322,4
92567,8230,8154,15.954424184883853,1.836212696977429,11.41539527308966,1.7346928906853665,4
93455,305,305,233.5042160598033,117.4587127580916,184.09448499409834,93.71448109503523,4
92517,163,163,76.01276638437423,7.425361365829959,59.582901466472386,6.633371654966941,4
76000,1729,1703,21.19616244546761,10.705290701991927,16.578792852383344,8.142056712522402,4
A0426,1567,1567,323.23628058294196,31.972867023724213,255.64702560802806,25.619966918131418,4
G0268,2404,2397,49.7431006802787,7.0905917919736785,36.488190639636436,6.04370826758038,4
78315,696,683,96.68663373217817,104.97763636511478,75.29968221124138,82.64695707095903,4
99491,1295,1258,78.7241408525058,8.836801458125674,60.06419194214286,8.79645928590066,4
20551,1284,1278,50.518388917773365,9.796129308816012,37.74700533040031,7.882394183981596,4
87581,303,303,34.25954531550495,0.5830262769805733,34.25954531550495,0.5830262769805733,4
G2078,492,492,38.096092452362804,1.7433980820844688,37.606475281367274,1.8926263261627818,4
82610,209,209,18.081775414066986,0.15748985135064633,18.081775414066986,0.15748985135064633,4
G2066,3382,3382,55.00210409468749,18.972301256794715,41.73159779881274,15.370152240759278,4
82652,249,249,37.24215402334538,2.488189558993763,37.24215402334538,2.488189558993763,4
82627,445,445,21.652130740460674,0.47871977452872855,21.652130740460674,0.47871977452872855,4
82435,213,213,4.388998579716432,0.39357227572552694,4.388998579716432,0.39357227572552694,4
87563,256,256,34.28251847462109,0.5078380238268203,34.28251847462109,0.5078380238268203,4
87807,495,495,12.771816702363635,0.23238479938965398,12.747294084838384,0.2520925588295455,4
01830,1187,1187,121.32282736736563,45.47104884449594,95.2161264449267,35.96354102206782,4
11045,2063,1904,27.27437454501018,6.655700518781677,21.57687318370892,5.35870997445423,4
72126,168,166,63.67754794401786,25.160496849933473,49.33326997985715,19.13975343360743,4
86704,546,546,11.751661740605861,0.2685442806129234,11.751661740605861,0.2685442806129234,4
96368,1175,1175,19.52526739222298,1.8302728604062501,15.466418706715999,1.5107696871343892,4
86709,182,182,11.006189261489011,0.09480942758910262,11.006189261489011,0.09480942758910262,4
50323,372,372,103.1594080743629,70.478810815185,82.3655589392258,56.32595469709901,4
83521,669,668,16.820038688975785,0.675374679742543,16.820038688975785,0.675374679742543,4
84134,317,317,14.23457127295899,0.3750102165094054,14.23457127295899,0.3750102165094054,4
87389,371,371,23.492916268557956,0.43182332293523434,23.492916268557956,0.43182332293523434,4
87400,831,831,13.709524512518291,0.4740751941588003,13.709524512518291,0.4740751941588003,4
96116,1989,1885,89.21304836746958,8.397769601409456,68.20604640443716,7.61948534454935,4
01938,1981,1948,86.4596589886532,26.237972076780153,67.86845797909592,20.820905317947286,4
69433,797,795,209.08450436860727,29.176992784359893,158.23499022108783,24.43009217533668,4
68761,3347,3335,160.4172957427565,46.45695497663126,121.75978323930086,35.804243075567165,4
87081,379,378,6.460059983251187,0.17156899029816758,6.460059983251187,0.17156899029816758,4
73140,6040,5763,23.985081053048113,14.826481502961954,17.414074284701506,11.004709581105894,4
J2506,586,586,101.3854116747628,9.6499884610789,80.71179592996928,7.640490086576533,4
96133,2233,2111,92.20242010413256,11.197757387930938,72.73167380608598,9.228540363495254,4
82553,325,325,11.274287914239691,0.17475331409196335,11.274287914239691,0.17475331409196335,4
67840,864,820,251.8201403859375,68.27325902516287,192.5330230185,53.01458575036764,4
73600,2367,2281,20.715262227362526,11.895416616030346,15.445062673009758,8.96844664399718,4
29879,128,128,639.2224946199062,120.27457812289036,507.0820006233906,95.69853086843476,4
98975,609,608,19.293168733180625,2.282008100361216,15.14413433142069,1.9281534090726167,4
J1569,542,542,44.51407096061808,2.3011129608619587,35.4278345245369,1.827986062739536,4
J1453,1302,1302,0.15270220730414746,0.012885652649153185,0.12117140653341014,0.010248441818041295,4
86480,475,475,59.90041247974106,3.0367943904198986,59.90041247974106,3.0367943904198986,4
86334,1939,1806,18.949218071431254,2.197819125337423,16.224232219956832,4.137937540710013,4
17271,835,833,136.92364719335808,20.99198398635123,103.74539209340239,17.161000891599162,4
86200,793,792,12.58378685562207,0.4837164059543047,12.58378685562207,0.4837164059543047,4
84165,2423,2250,14.720871844123979,3.4326836018742353,12.118303841926783,1.579869253367512,4
84207,150,150,26.642453742249334,3.6395808329083814,26.642453742249334,3.6395808329083814,4
10060,3385,3362,123.31932803843132,15.66418799255432,90.56009527887474,14.61779447242992,4
52648,457,451,915.675585035011,549.5312761447386,725.3525151492341,437.4500256000743,4
97018,735,735,4.078067691403674,0.34083308008400565,3.169497170990612,0.29859269290267504,4
33207,88,88,795.9224705,1695.0642868908833,632.0870998202273,1349.7136084919853,4
32557,552,551,143.22601899248733,42.40217732086881,113.45750140371014,33.80298107680678,4
84478,345,345,5.619119229290435,0.0619026821686637,5.619119229290435,0.0619026821686637,4
84479,701,701,6.321522514701427,0.1205527000321481,6.321519341857062,0.12055237408642532,4
86381,106,106,24.669563675349057,0.9221866238789269,24.669563675349057,0.9221866238789269,4
97168,663,663,70.20591406384766,7.27395078674692,54.28104915579698,6.250637935563931,4
86376,704,703,14.178307933577555,0.4246683109173049,14.178307933577555,0.4246683109173049,4
17261,2731,2728,119.85982516759209,20.5666085636048,90.11500640322959,16.582215554685074,4
17272,1543,1540,164.84113826357876,24.530077357397346,125.2036770393545,19.802695155566717,4
86335,825,763,19.481619217436364,4.2938190615823375,16.72234281225806,5.763701998324837,4
19303,403,401,1036.0555292298511,351.4260110330621,824.993691217881,280.3344622852857,4
J0588,216,216,5.050139092448148,0.12730427038361433,3.989735792775,0.1082805332651431,4
J0640,822,822,3.915123744915937,0.22418818286882775,3.109734641243674,0.1805377814735344,4
86038,810,809,11.746189761206665,0.5259055188329023,11.746189761206665,0.5259055188329023,4
0055T,434,432,186.43851075358873,59.46538315466855,148.79295331066453,47.420769593445954,4
19125,185,185,559.9336658807567,282.6433231094233,443.3052060405946,224.48946360565722,4
17313,2333,2298,566.7881696292927,116.55835872825554,445.2194118356837,92.95904421761293,4
86304,481,480,20.349193384264034,0.19403399650318418,20.349193384264034,0.19403399650318418,4
J1097,443,443,95.23651687972685,3.014596464859209,75.94941359650338,2.414461794813701,4
U0005,1090,1090,24.38957692576468,1.0834343226677452,24.38957692576468,1.0834343226677452,4
U0003,973,973,73.16653936570822,3.3727726000415448,73.16653936570822,3.3727726000415448,4
U0004,259,259,73.15488707523552,1.6949597361956417,73.15488707523552,1.6949597361956417,4
61645,438,438,834.9628059438585,92.10853699847144,665.0233580495891,73.97344394343956,4
93319,556,555,24.10538257596223,2.243046564049453,19.07327765610971,1.8574345737146662,4
43251,1047,1037,372.7124278277479,276.19318659318316,296.7532111077612,222.4766101335351,4
43262,594,593,73.3208586856734,40.89000386463561,58.194854492925934,32.49647097060247,4
92920,156,156,491.3586506989103,432.6807241764928,391.1507836180769,344.45064874910486,4
Q0112,383,383,5.658865223172845,0.22614446582005604,5.658865223172845,0.22614446582005604,4
93283,3001,2846,80.25428130983106,21.634177506520412,58.8856501726911,16.66814333145833,4
00410,1943,1943,74.1617118520777,25.802134033568105,57.89675768105764,20.24766375340813,4
00160,474,469,151.65270872503376,53.87512461423401,119.1776782468059,42.986726567950775,3
Q5110,179,179,0.3235548083698324,0.009315800073099597,0.2556668164391061,0.0075499740566735574,3
93017,900,900,27.798803074987777,3.9929275269988067,21.45477707120222,3.2392509784760746,3
93040,773,773,12.996412351029754,1.3263908293396616,9.834628688421345,1.2848957010090996,3
93279,2357,2257,53.104413731068306,17.859595980992196,39.049516234973694,13.481308671880809,3
92941,413,413,638.2350650756658,52.196487562287786,504.771627117845,42.844326355460076,3
76830,9069,8541,83.3741440145081,43.90658195387154,60.56846349828801,32.423427407268555,3
76870,2405,2328,52.10454891247775,31.344136828160888,38.10838066685905,23.473600591766296,3
76641,4473,4007,92.41001906178784,49.73471180584917,65.41097446145808,35.989405828764866,3
43247,146,146,139.2657040465,60.28345369304495,108.31071521708219,46.6868415003856,3
A9584,149,149,2582.0943267133557,559.174220529257,2056.086648817181,445.79583112078393,3
61783,963,963,216.73442248557217,50.88765516987806,173.04722341922533,40.62872895041958,3
00532,554,546,106.39242917758304,34.067989080633886,83.83367651644585,27.023590464777502,3
84681,400,400,20.2279399658725,0.9641061537622669,20.2279399658725,0.9641061537622669,3
J1096,282,282,124.55717570148653,11.417596795770903,99.25434276812481,9.058666386390634,3
97124,810,808,26.321218859271607,4.031982947797216,20.380402298658023,3.278745560684855,3
97129,723,721,22.558678704591976,1.310552850756309,17.666948737077455,1.2732991159206013,3
97130,562,561,21.63133320816548,1.0145017814190294,17.076740251895018,0.8998933838504788,3
97165,4249,4249,100.79545431996658,7.981202987000115,76.0458517752008,7.788315594800876,3
86308,116,116,5.053656756181034,0.08634560151875437,5.053656756181034,0.08634560151875437,3
86039,225,225,10.89144903331111,0.12424239471470856,10.89144903331111,0.12424239471470856,3
86146,195,195,24.634712641295383,1.3992005886457497,24.634712641295383,1.3992005886457497,3
86147,234,234,24.769697640371795,0.4868266890123654,24.769697640371795,0.4868266890123654,3
96567,875,875,135.05073542718284,17.769599518307174,97.15629985471656,17.201901371730916,3
70549,804,771,148.66444303060572,112.14054454423442,116.48647076890049,88.92051609365488,3
85306,93,93,14.957919518086022,0.18600652160076345,14.957919518086022,0.18600652160076345,3
84445,144,144,49.17043985801389,3.4715730836835452,49.17043985801389,3.4715730836835452,3
84560,92,92,4.955606247431522,0.08894631981105106,4.955606247431522,0.08894631981105106,3
84590,115,115,11.224258958652173,0.637845312723765,11.224258958652173,0.637845312723765,3
72083,325,298,38.81260902726954,28.56098088425942,29.356253062783384,21.77130785525412,3
51703,567,540,125.43163153595768,38.9566736312598,96.13443609963845,29.514937948059554,3
51705,1113,1101,86.68387123958131,18.435957951942207,64.72425467158311,14.244757908213774,3
J0475,110,110,168.69911288231907,28.172901289870627,132.95157887589727,22.292274077772873,3
17250,1597,1363,52.24009091325986,24.45713874979946,40.716788633321855,18.965553003484242,3
J2350,105,105,53.83939024951428,6.921315230112218,42.9164517360381,5.488261717701896,3
J2356,113,113,17.5190590415177,2.3945581629451147,13.947174536188495,1.9084689920615552,3
69209,4032,4032,16.88911077742386,2.794955800200274,11.270836914475323,2.5166552392661488,3
86762,113,113,14.030830421000001,0.22179924578145427,14.030830421000001,0.22179924578145427,3
J1454,422,422,428.9245360902607,19.984473233158322,341.10184573315166,16.073069367623432,3
84244,127,127,21.07373110422047,2.1474821514611024,21.07373110422047,2.1474821514611024,3
84252,82,82,19.78901562578049,0.20475576827256606,19.78901562578049,0.20475576827256606,3
11046,765,651,61.537040356734636,10.515548593057524,49.07248604137778,8.429037520747695,3
J0280,775,775,8.179083117541161,2.126612020544751,6.499639633799226,1.6933578370770492,3
J0461,263,263,0.0826554329661597,0.005328192297502952,0.06534326099657795,0.0050695828069487366,3
72197,5666,4729,172.15496856509213,103.50279925371177,131.29318621977322,80.01804192458785,3
87040,196,196,10.071494221716836,0.16470309711269476,10.071494221716836,0.16470309711269476,3
87070,639,637,8.378149653779811,0.3303780944795501,8.378149653779811,0.3303780944795501,3
86769,286,286,41.099788742412585,0.6156954985702144,41.099788742412585,0.6156954985702144,3
20604,824,819,76.71674077601092,14.166588777288581,57.66958289136893,11.422965638624081,3
96411,1354,1354,54.51275686336854,5.289180780555133,43.167911379262186,4.3630931621226905,3
86705,238,238,11.482973785920167,0.1700149459236969,11.482973785920167,0.1700149459236969,3
J1756,868,868,0.2037304876282258,0.009134803802992012,0.15817266790668202,0.008109729282772957,3
J1940,363,363,0.5693015294366391,0.022432290851711868,0.44332682756942143,0.022946799026538015,3
J2001,669,665,0.028729409092526158,0.004023246864769404,0.02009699147399103,0.0032619593196577296,3
J2182,187,187,28.903329847390374,1.6095806275881386,22.972326267834223,1.2804289662580934,3
84145,143,143,26.638995532006994,0.17900231674520625,26.638995532006994,0.17900231674520625,3
83874,212,212,12.613824313136792,0.1537063085837346,12.613824313136792,0.1537063085837346,3
36247,932,903,446.9942809153863,428.2208798989438,355.7366851701395,340.8831380513782,3
G6002,2534,2280,32.96289875391476,22.06733429243909,26.07532969676559,17.654677866236817,3
G6012,868,868,235.3496887350461,26.046981189052747,187.1776018037212,20.883516272634495,3
G6013,581,581,230.86749014974183,22.66907946432752,183.50555608886404,18.265020744040104,3
G6015,1429,1429,357.9330254218264,38.32841419102435,285.0150150904479,30.761731834075203,3
73100,2613,2518,22.378288657390776,12.160512089561792,16.690258515122352,9.181434383471185,3
87205,343,341,4.140241199321283,0.2669731636377263,4.140241199321283,0.2669731636377263,3
87338,174,174,13.8910872370023,1.0751240320877027,13.8910872370023,1.0751240320877027,3
87075,203,201,9.15347948058128,0.7300514410525194,9.15347948058128,0.7300514410525194,3
87101,184,183,7.540864186113586,0.07971413995955419,7.540864186113586,0.07971413995955419,3
87102,140,140,8.217348308369285,0.0814420794642744,8.217348308369285,0.0814420794642744,3
55899,244,244,189.1798479842172,100.89676648712782,149.74237634233197,81.23935430865991,3
31628,891,889,88.59183397504826,45.06253588950681,70.02407444200898,35.528021564259184,3
31629,650,648,147.33055714371537,27.75436598147466,116.91255103987845,22.099652062377967,3
31652,688,686,187.82500272419767,78.50073383954424,148.4823600734753,62.606245798089944,3
87529,290,290,34.315094127027585,0.29870322953781003,34.315094127027585,0.29870322953781003,3
87480,292,292,19.519484345136984,0.39331852768439435,19.519484345136984,0.39331852768439435,3
96125,153,153,93.00286357031372,13.911733488037346,71.95828612524117,11.48436554144274,3
0240U,184,184,139.01354224016305,2.544478168370693,139.01354224016305,2.544478168370693,3
0275T,597,597,2445.539210953618,1952.2189487790197,1946.4287248440367,1554.3654493855088,3
67917,613,596,547.0982940961012,167.2239830372473,432.7688416564763,133.00946241224617,3
J2704,454,453,0.11336744662268722,0.010157339156177206,0.08682487687312775,0.008876704844900054,3
83090,390,390,17.489407643930768,0.5594998898186596,17.489407643930768,0.5594998898186596,3
G2023,465,465,22.947593423868817,0.7334801989184209,22.947593423868817,0.7334801989184209,3
G6001,281,280,166.56869983925623,36.01013787992401,132.3154334485445,28.704227809251226,3
82525,139,139,12.015234239056115,0.7852694692196249,12.015234239056115,0.7852694692196249,3
31237,1129,1112,323.4299310496103,63.15953487966173,253.0180712477998,51.1005365126745,3
87661,482,482,34.091332894041074,1.9119110414647857,34.091332894041074,1.9119110414647857,3
87799,245,245,41.593063856379594,1.476816050236968,41.593063856379594,1.476816050236968,3
67515,309,308,47.18382499901295,10.19795250999116,35.31587669220615,7.7086899767676185,3
31575,8126,7788,113.42659782962613,28.617735760333783,84.9845705377663,22.189928000264793,3
87486,280,280,34.253814793217856,0.5816919649708882,34.253814793217856,0.5816919649708882,3
98977,429,429,50.02323608588112,6.029471627085085,39.12638038271562,4.941617135206352,3
98980,485,484,48.11976697785155,4.8629408568278425,37.81456031721237,4.038376929047701,3
99235,625,625,155.868812299824,13.01223361420885,119.2785696863632,12.089463731537135,3
99282,3056,3055,39.84542393762304,3.8102728125318395,29.204578769440115,4.165749861641097,3
82374,135,135,4.508111471945186,0.6474667136011109,4.508111471945186,0.6474667136011109,3
82085,129,129,9.317472194996899,0.9004906997779182,9.317472194996899,0.9004906997779182,3
73521,2860,2718,26.34779674366972,14.812293858823736,18.992528169590877,10.865636649809213,3
G0453,465,463,32.20097261407527,2.025230282063007,25.622208730458066,1.6606936732471347,3
87900,94,94,126.18262212234042,4.2764629380638635,126.18262212234042,4.2764629380638635,3
88175,338,338,25.730365530421004,2.1650506825861027,25.730365530421004,2.1650506825861027,3
20900,128,128,490.2960217598359,981.8167435727972,390.9499249584375,782.6183570856161,3
J3300,245,245,4.0674095047159184,0.5802925626866939,3.095342228493877,0.528545792606052,3
J3480,381,381,0.11346003695249345,0.0053354242850637,0.0898362444335958,0.004458655384774006,3
67036,833,832,1076.74484319091,586.0581011178494,855.2937822992606,466.06390743219447,3
21215,72,71,3941.586069174583,816.2656909559475,3133.509482365,651.9736010616533,3
95992,1380,1380,42.99572794739275,3.697582753508972,32.49672005902971,3.5664684284750146,3
82088,142,142,39.03596281764084,4.03736842053226,39.03596281764084,4.03736842053226,3
82103,145,145,13.039268881266207,0.6672888661148497,13.039268881266207,0.6672888661148497,3
15004,527,495,294.42724001150094,96.1378952037567,234.09285409375522,76.38032998719959,3
11200,1714,1711,61.35139070627596,11.054858113631173,43.86281823712544,8.914271249216512,3
11300,1624,1622,69.37507651964223,15.367784219657258,50.62381735238719,11.957803330011126,3
11311,1319,1314,117.09047608585367,21.24885832277144,85.66776933184761,17.419032290979647,3
74021,599,573,19.637419463419032,12.097620652261737,14.596605587849583,8.898574067825887,3
81513,105,105,135.2873688436381,16.694168328573607,135.2873688436381,16.694168328573607,3
81270,120,120,89.63525142449166,0.8614068723460986,89.63525142449166,0.8614068723460986,3
81025,157,157,8.247856800705732,0.580743141627908,8.247856800705732,0.580743141627908,3
81219,95,95,118.78304800694737,1.5936271684958214,118.78304800694737,1.5936271684958214,3
37244,98,98,778.6973577937755,830.591019130335,620.3822854858163,659.5298879527047,3
88348,278,261,81.42731755657555,39.588662910364164,64.71297764354317,31.748461542242914,3
95972,700,623,47.30489279452,8.35833608047713,36.54396811011714,6.2043553488959855,3
29824,1304,1303,350.52053712135813,287.23895663471774,279.1369159356994,228.78793452832886,3
29826,2525,2519,119.61616872718574,68.84640159920146,95.4600283224491,55.01685173475133,3
14021,369,367,832.0331506814363,121.39612520986034,658.0823535014363,96.16330507146961,3
14302,271,266,205.89494665797787,51.047850837212266,164.31580445639852,40.758049880424906,3
99407,827,810,26.201321821337242,3.123702494740547,26.201321821337242,3.123702494740547,3
80197,214,213,13.228717849428971,1.0595493979906891,13.228717849428971,1.0595493979906891,3
G0399,1167,1147,68.28858662996059,23.83991722407967,50.73224675413745,18.35629830208801,3
G0416,2588,2463,206.55770782091307,70.76687816695218,161.6331572932554,56.11123318870479,3
74183,9095,7235,170.2435960454277,107.91285963541466,130.7233740559525,83.83156618261955,3
29405,497,497,74.31561301763783,10.163740743402279,57.07705518088129,8.374385815178858,3
29580,1027,1014,59.258753608720546,17.232398163656654,45.68622879655356,13.457849595077139,3
01230,980,980,181.58424856574592,60.07270340075628,143.20473858257245,47.51404717124112,3
J7326,1610,1610,508.62066151090005,12.995573906513787,401.3927420987317,11.53377761306754,3
J7328,490,490,0.6942703392240817,0.06272120266298993,0.5420661053120408,0.04567865913859162,3
64640,633,619,146.98830423579778,74.19088963365948,114.88200426708056,57.668805787874554,3
64718,739,739,551.9697620673343,131.22396990767248,436.44108768165495,103.9370770959016,3
80074,355,355,46.40723884402535,0.8862937641434657,46.40723884402535,0.8862937641434657,3
80164,382,381,13.251359916162304,0.11344882881528615,13.251359916162304,0.11344882881528615,3
99422,496,496,28.407440726127014,3.552401167268872,20.29402192595403,3.9875472631703976,3
12031,1130,1125,225.22794591856018,49.409793106962994,172.15138131123626,38.45504394660065,3
45330,534,528,100.35549416620225,58.128171841425115,75.6431613345955,43.9391075550442,3
45331,366,366,259.5854762803169,167.8189542288757,203.29398176991614,132.00757527574325,3
75630,231,221,112.8373592769567,31.923189248810267,89.72078210593939,25.552990510731053,3
94727,3216,2938,30.42888226514061,16.135746739769957,23.421197207843907,12.586741857815827,3
22558,1018,1018,685.3998482897475,365.6314121185453,546.5094560976571,291.53571971652974,3
22585,408,408,218.20518774306495,94.85751892957572,174.1369505698738,75.64996151690303,3
90746,161,161,67.7456519397826,3.845176028947457,67.7456519397826,3.845176028947457,3
J7351,148,148,201.55364201054053,4.089932745785847,160.40829765898647,3.276969345351999,3
00918,1384,1384,131.71902480082298,44.716926060385944,104.03619824681286,35.55296603895939,3
64616,788,774,172.23300069133376,35.59058585928706,130.61437900373986,29.512755233298673,3
64624,525,521,390.0086154201086,274.5800020830902,306.2709589674876,218.81900023193853,3
95812,400,376,150.31053323672,139.49104430572854,116.843095797925,109.15716135191552,3
95813,508,494,191.1319448203268,162.93738420817357,149.19036915475394,128.21156889471771,3
93926,4668,4300,61.109861360282785,49.84226836401002,46.34223062188368,37.928477046653484,3
92060,1743,1700,60.34495738277797,10.070076007985882,44.77361107672461,8.328031017435752,3
92071,321,319,37.35979455007477,3.475026473281508,28.290686229819315,3.126160731623235,3
28285,960,955,516.9603695527812,336.0909287554363,410.68520413209376,267.48292854833966,3
29075,882,878,83.71212555722563,11.893064794801527,64.54118262447052,10.041197337272273,3
12052,1796,1766,196.96160340205515,69.31139194568378,154.23147204203562,52.565136325157304,3
13131,761,756,235.09028150009198,75.82043826784916,185.36787179004205,58.59990731542388,3
G0250,485,479,8.541552586477527,0.638229996032114,6.255547357065361,0.7477510647856562,3
G0260,967,967,279.27215786492246,36.10257157024174,219.00702842648397,28.75734744778744,3
77261,223,222,69.50036095656054,3.550241923283337,54.60216815335875,3.233556735889347,3
62370,788,770,75.67134280009645,21.916633970895408,56.36313073275254,17.46006108116909,3
63052,1334,1334,172.2093792471207,103.09852237631252,137.44137867916493,82.28581479075163,3
93461,58,58,421.7870275886207,219.56996215326765,335.15634088396547,172.6916853879571,3
64454,891,889,148.85584673604714,71.68582236751517,115.31499170171044,55.733972015177336,3
92100,222,222,83.36974010772612,16.57415312450816,61.82815671334459,14.044838633537983,3
93355,778,778,221.26314209224935,13.301592321450336,174.2313902443059,11.791494632725112,3
92604,461,460,87.77529408603253,8.47121661389094,62.896122362915406,8.09447373704775,3
23472,3444,3436,949.0859849689575,597.6301340849556,754.4931923067799,476.3822003120801,3
J9263,516,516,0.070219395651938,0.003062589667569002,0.05569956694399225,0.0024695052481635464,3
J9267,957,957,0.12847659056990596,0.006842364341736073,0.10215648862685475,0.005542949678536815,3
J9312,317,317,77.7653008779306,6.530952315226121,61.92088875555521,5.190493753798033,3
P9604,449,400,10.036671581928061,4.330254404815978,10.036671581928061,4.330254404815978,3
77293,1159,1141,173.97920565421916,126.35960129526659,138.68464738358065,100.77550118108776,3
77336,1488,1488,86.23496689253965,9.329371551106156,68.69168084522177,7.467976523540332,3
A4565,195,195,9.999148550738461,0.2516042928292497,7.476695051788205,0.6064711315478787,3
A4648,169,169,223.76175632584025,241.05134691108364,178.2172263600355,192.03634263880883,3
43274,976,975,409.6677571576844,46.618999203527146,325.568515976291,37.20514716192978,3
77081,1664,1488,19.0382208766485,11.093856428166315,19.0382208766485,11.093856428166315,3
11604,557,552,210.91164878522443,63.018659732089105,164.55161171612568,48.46240787911057,3
11641,289,286,151.63856867877507,50.91800862318087,116.6713067617405,37.94696464039481,3
43264,1348,1347,161.14238480361126,80.70865607605892,127.43275909031973,63.90277360153638,2
Q9969,99,99,12.964989078810099,11.999658032080362,10.332544396777777,9.560180119250017,2
A9596,168,168,1024.892046344405,87.10924964755219,816.580132860238,69.38322144648555,2
27235,47,47,912.9816592259574,76.13223737995493,722.2950490236169,61.336569315389056,2
Q5118,161,161,29.10892188874534,1.7209982360341505,23.189481274086955,1.3599838531111712,2
93245,144,143,286.1238209490069,56.73881964056398,223.3903677308125,44.79904071016001,2
93268,186,186,175.57706966661289,16.965938570542576,136.17901015716666,14.993318934506382,2
93270,495,495,7.917297537833334,0.9060667131982509,6.091711102642627,0.8138945795324091,2
92943,91,91,631.9133944140659,83.35158444696224,500.655943962967,67.69144067300398,2
93313,371,371,11.203261261832886,0.6659623711982909,8.911252675471427,0.5682947231979656,2
93351,3995,3851,175.06591282006832,84.2783250837898,131.3643565795164,64.89800582404598,2
23405,64,64,312.5925509077344,471.726320706515,248.932982293125,375.75035069966486,2
92550,1991,1981,22.510377460029133,1.8509591556042264,16.043448628392767,2.155425087933548,2
76706,3735,3506,54.798311745058896,38.82419703923439,54.798311745058896,38.82419703923439,2
Q3014,1097,1090,27.480989053720144,2.0340910417556666,19.244648878093436,3.089794930243085,2
23600,151,149,333.66578111346354,54.892919285603966,260.0546846994371,45.07312839463502,2
25447,947,947,746.7098411911985,314.8831727901171,590.8051358984171,250.08486288212617,2
93452,56,56,194.19381088767858,187.85973021121475,153.59165440889288,149.72930587298842,2
92287,53,52,156.48305895549058,26.13561243840655,121.57295511173585,21.31845818233647,2
92538,124,123,20.238587780991935,3.3008575446665804,15.778476005346773,2.7855578012508366,2
92547,407,407,10.852263620230467,1.3542106408038783,8.559075684498035,1.1520822538621764,2
J9299,505,505,29.271685010565545,2.003329531621004,23.319070073245744,1.5945556269858403,2
G0108,1171,1167,54.48639238583518,3.726817563499903,39.97824724901708,4.435109752277632,2
A9576,362,362,1.3970996137251381,0.029926429708863698,1.0952247775044197,0.04626592939698379,2
11606,405,394,342.31473241696295,117.89957973972554,268.9800859639753,92.5693020717731,2
11622,880,877,136.99382187661817,35.28829680925187,107.28802827595455,27.07568383289898,2
11643,338,337,197.72628695864498,67.1666851460683,154.12058704473372,51.54036474576768,2
63053,392,392,154.7986557141046,91.25892377905244,123.56648109892092,72.87037450067102,2
28010,157,155,183.05046698569427,39.53387010039162,140.61923088809553,29.548309667695882,2
J9155,205,205,4.030438301262439,0.08377879605979847,3.1672490589853655,0.097848910607622,2
J9201,631,631,3.5279515668099846,0.14902128391343783,2.7803027506999998,0.13869319043925,2
64420,177,177,85.19176291956497,34.04673351160165,67.10172996647458,26.633720261649653,2
64421,60,60,61.60451809036667,100.0879161724308,48.79059649091666,79.68324558915111,2
64455,869,867,48.905792652891826,6.642755840287997,35.893656573079404,5.576337667774897,2
92132,647,644,30.124848916168467,5.193039419265516,21.835855820620093,4.64394577088676,2
23350,303,302,123.94837185623432,57.80255669600159,96.77175662614192,45.602847813475826,2
91313,487,487,0.08546471768644766,1.6650743240200725,0.08546471768644766,1.6650743240200725,2
64461,95,95,88.81024898243159,32.38939101742631,70.49046168461054,25.756133832238213,2
64479,722,710,251.88794569530472,116.87200765415005,196.27171573411218,92.84382195081153,2
A9537,138,138,38.686877956147825,27.87389729128531,30.432327988612318,22.06336374922143,2
77003,247,246,35.53145879882996,25.02303407577475,28.066980790133606,19.973597345869024,2
77049,3362,3139,189.27757924821745,117.96971546895541,143.68090637162553,91.66316192818545,2
C9740,162,162,6907.902517488888,533.0316528081947,5500.02084746358,423.9779364796991,2
G0010,323,323,29.670551297950464,3.4003171028257992,29.670551297950464,3.4003171028257992,2
57120,60,60,302.3367103506333,179.782178176868,239.6511749529,143.05952727459933,2
57260,202,201,554.2656494509059,244.02025298970636,440.3130524818812,194.0501386313891,2
57265,105,105,618.7775778946476,293.88397074632013,491.70922630978095,233.9184576126985,2
93976,2819,2659,65.47272567094005,47.55619045922063,49.28061875925328,36.29137616493334,2
94618,4251,4049,28.542473470065865,6.010221885701848,21.819813524959752,4.811059409253692,2
94664,1315,1315,16.89670520158129,2.282558676598555,12.855425603787529,2.0219073020995304,2
90739,134,134,147.9244003859403,18.22188324205931,147.9244003859403,18.22188324205931,2
90868,316,315,168.42328163078483,40.188294601192815,133.42461884332593,31.984144545158006,2
J7613,836,836,0.03572698969748804,0.009565179258099823,0.024876443499401917,0.009876611988496965,2
J7614,75,75,0.04500829094533334,0.00380774684201843,0.033768887148,0.003956141721875653,2
38571,492,491,276.15568873490446,118.92763371628268,220.33958370770935,95.07529080353119,2
77333,297,291,71.9360439953064,44.372561635522324,57.107738825404034,35.5354600371816,2
77370,293,293,139.17807657996588,16.904857261586187,110.59482152427304,13.664728440715272,2
77373,454,454,999.9992152951542,98.21815596373695,797.0350521213877,78.53258545422511,2
64566,826,822,109.00609369200727,30.62702235611544,83.566830445862,23.93884561150821,2
64581,91,91,1538.0176362120878,1842.6080497242515,1222.553477291758,1470.1467466181543,2
64611,123,122,119.12798074657724,17.997150926245855,91.39636835152845,15.302844478566616,2
95700,293,293,244.5927242207065,24.993059190274213,192.36861681904438,21.110647088968946,2
95822,484,483,57.39673907715909,23.572540391409003,45.15764314156405,18.15044770312496,2
64642,486,473,120.83379325801235,28.680855394320414,91.54976047672017,23.40941909236776,2
64708,109,109,327.4482292251376,107.93879076815232,260.89904977660547,85.70052473768406,2
J7332,213,213,9.875091572265728,0.14041785100432025,7.807998857781691,0.17906507025209356,2
J7336,67,67,3.192109675156716,0.0596965091912791,2.540602614455224,0.04639552086156143,2
88369,162,148,45.77059719705556,30.26096617377439,36.44029053116049,24.157308080886978,2
88374,436,378,71.46227580137615,75.05475108281217,56.79838873376147,59.62256572274641,2
88738,128,128,4.900504246453906,0.059767371184541666,4.900504246453906,0.059767371184541666,2
75774,648,634,56.574453368455245,21.21278191180367,45.118312591299386,16.90745021094272,2
75820,256,253,65.90529654155078,27.201540135163487,52.38957868228125,21.716019555350314,2
75894,333,333,74.63404944700301,54.378093628019855,59.56419956087687,43.32507806674716,2
75984,212,212,37.40804293459434,2.392064611498789,29.231731931966983,2.2194200641636166,2
75989,64,64,59.44443807584375,13.271731262041197,47.389363099015625,10.322865068700557,2
99495,17169,17141,179.10419945154476,36.66378889114463,138.25868195183173,33.41493564175133,2
89055,98,98,4.183944802311224,0.04836468477681173,4.183944802311224,0.04836468477681173,2
30801,112,112,137.06276834383928,48.86062347296648,106.55038692134822,35.51304510908644,2
88321,2488,2406,87.49662205857918,8.164006654838477,67.92710779375884,6.975230388470737,2
88323,461,450,93.59913645696963,17.07818379588983,73.26264319098699,13.306125737435293,2
95955,213,212,53.44168950666197,10.655907674667695,42.2739888179108,8.558734685197969,2
95957,347,340,255.16016962540922,66.62448371986264,202.6535169431787,53.255086669898645,2
95970,525,516,17.669691879784764,1.7907656336712254,12.82240934891257,1.8510008390257517,2
65820,1251,1248,1173.875547353685,507.27400483954386,933.1278020903678,403.37185956804353,2
66030,191,187,348.74836915789007,370.5033083934439,274.3179327657487,295.4156358145345,2
00952,118,118,110.92476535954236,44.8391818640395,87.32335685797457,35.5269394483322,2
20606,886,882,84.42280995706321,16.572745469182948,63.667215964288935,13.377995817386136,2
88264,76,76,140.58637840565788,3.941143206034479,140.58637840565788,3.941143206034479,2
75563,129,121,165.38255439395348,89.61080206373387,125.90050377178294,69.17685928878072,2
12051,960,950,183.70377624229894,60.409565490450454,142.9726041057656,45.561656627589635,2
13122,393,390,120.18543232072265,19.435307690294838,95.89988758596948,15.56895515091634,2
77778,86,86,470.1287240506977,124.6731342347888,374.3546795752325,99.16714085748794,2
30117,235,232,579.7084309276596,157.08117576759346,460.4093018152766,124.16214415132033,2
87902,69,69,249.99705936507246,8.806726796065615,249.99705936507246,8.806726796065615,2
88142,198,198,19.603415035519696,1.6653997625508832,19.603415035519696,1.6653997625508832,2
88189,1975,1713,82.75845517075595,4.721529033981441,64.96687944697773,4.191521154904884,2
20902,123,123,310.9285556113333,513.1796341137358,247.82218277053659,408.9078319644821,2
J3145,89,89,1.7580163490280898,0.15889384026635203,1.392422355658427,0.13569782184955356,2
J3260,179,179,2.5184038017335193,0.0739024994056197,1.9475263735452513,0.14645612218677026,2
J7060,104,104,1.6691914530105767,0.057371114283480545,1.3219304468500002,0.0474331901566282,2
J7120,141,141,2.422873811441135,0.06315870084277304,1.8172604102687941,0.15310390673008958,2
30901,644,643,149.37654161412422,34.23056370393196,111.63128510668324,27.196702659859575,2
31238,359,358,261.29969688501393,43.1168087827164,200.55981128008358,35.72371531043014,2
80165,87,87,13.257801433551725,0.05767597234499443,13.257801433551725,0.05767597234499443,2
80171,54,54,20.93381514744444,1.139087886154003,20.93381514744444,1.139087886154003,2
78813,31,31,226.2149800698387,415.8614772347725,178.27102149112903,332.44896148189235,2
78816,2182,1980,590.8053266769922,672.5566539834336,468.31725104798437,536.4319505058128,2
87536,155,155,83.06237920527742,1.0067905959425698,83.06237920527742,1.0067905959425698,2
87541,148,148,34.30345159262163,0.5488430301971683,34.30345159262163,0.5488430301971683,2
87556,85,85,40.68389200903529,0.756335746726101,40.68389200903529,0.756335746726101,2
87625,138,138,39.60674310073188,0.5101429929550653,39.60674310073188,0.5101429929550653,2
87652,89,89,40.80928597006742,0.29242122875637894,40.80928597006742,0.29242122875637894,2
87660,249,249,19.51488699437751,0.38350901109596863,19.51488699437751,0.38350901109596863,2
31536,50,50,269.46287946160004,296.1585001933834,211.67523109938,234.16262189296876,2
67700,92,91,291.127534696413,67.61324510773066,225.86007190979348,53.586539450579096,2
67800,211,211,128.89024902073461,15.190985040849945,95.56817365219432,14.227246694236468,2
67810,299,296,173.09984256185282,38.474117488708735,130.53346258164214,30.763288317180617,2
67900,448,444,512.0863972020089,140.24037956000362,405.72170606247767,111.4764105847144,2
31541,58,58,324.8365194898276,263.7814147584199,255.60344355965518,210.2558618922445,2
31571,84,83,182.05320240210713,128.1463401055675,143.31342752690475,101.6248745801916,2
31579,960,909,187.58110057964686,36.1445131076794,143.57659865507603,29.65394395234785,2
74170,2203,2073,126.94577351212982,80.95174881693647,95.46466962262824,61.60042319601026,2
74175,270,267,108.69987467561852,59.27656522590471,83.65306776556666,45.905705736792655,2
74330,121,121,26.612917240495868,3.9147391904581688,21.051137274942146,3.197448343765968,2
80156,204,204,14.258773507529412,0.11302474706965858,14.258773507529412,0.11302474706965858,2
87493,285,284,36.16534975904211,1.941355044932735,36.16534975904211,1.941355044932735,2
87496,143,143,34.328246363202794,0.2629416613333359,34.328246363202794,0.2629416613333359,2
87497,95,95,41.756150932389474,0.5158145130271931,41.756150932389474,0.5158145130271931,2
87507,60,60,402.72984729166666,21.42872194967437,402.72984729166666,21.42872194967437,2
87510,299,299,19.527574773190633,0.36846948680204517,19.527574773190633,0.36846948680204517,2
87511,173,173,34.16131505962428,1.253514962831273,34.16131505962428,1.253514962831273,2
87522,176,176,41.90575933427272,0.36879899063831867,41.90575933427272,0.36879899063831867,2
87420,63,63,13.607027699968254,0.12789382610626346,13.607027699968254,0.12789382610626346,2
87427,127,127,11.68646611256693,0.2351535749197623,11.68646611256693,0.2351535749197623,2
87449,164,164,11.726922427646342,0.051384175470972605,11.72690451854878,0.05138237505061182,2
87482,62,62,54.45942893891935,0.5947644790510234,54.45942893891935,0.5947644790510234,2
96112,54,51,113.2732720277037,20.25744737380089,88.25936372535186,16.33225339462781,2
96131,464,443,83.11190456627371,5.793382816735,65.81836263502586,4.833748062135023,2
96137,1562,1498,35.0917074791895,9.019862994422219,27.669000320861716,7.151638815892086,2
20206,83,83,71.90549221645783,65.01056180285437,56.09471408815662,51.5640700422378,2
01996,434,434,63.096725830089866,3.913141431454186,49.607423695396314,3.429007363622982,2
14020,274,268,679.779030149416,146.04866394331737,537.2517785468249,116.20225448754246,2
15002,293,282,244.5663892308601,98.38399852796535,194.20241433736177,78.21741006605991,2
80177,236,236,12.949811748775423,0.19961893983591253,12.949811748775423,0.19961893983591253,2
80178,231,231,6.4574921896683986,0.11904909222593407,6.4574921896683986,0.11904909222593407,2
80184,146,145,14.939837240568494,0.29075296494962743,14.939837240568494,0.29075296494962743,2
80188,60,60,16.177751321233334,0.39813384530004475,16.177751321233334,0.39813384530004475,2
67950,206,197,477.00188827679614,179.92972666323834,377.97269208776703,143.22762203972164,2
J2795,338,338,0.07254183242928994,0.0024612634130904564,0.05513652002662722,0.004588116732051391,2
87206,116,116,5.275491629405173,0.06199313103097628,5.275491629405173,0.06199313103097628,2
87275,61,61,11.965738450918032,0.12372540142516762,11.965738450918032,0.12372540142516762,2
81223,68,68,485.1600533720588,14.664471856923438,485.1600533720588,14.664471856923438,2
81225,78,78,284.6229132092307,3.1947567964763484,284.6229132092307,3.1947567964763484,2
37252,1175,1086,666.5940511826961,432.24929585323827,531.5522214252987,344.7397681745052,2
80235,71,71,26.537245014929578,0.12755236392682207,26.537245014929578,0.12755236392682207,2
87328,116,116,13.494122337474137,0.12735157190341068,13.494122337474137,0.12735157190341068,2
87076,103,103,7.877639717069902,0.2068324808351496,7.877639717069902,0.2068324808351496,2
87116,103,103,10.546615266192232,0.11829905542997603,10.546615266192232,0.11829905542997603,2
69220,374,372,77.64556583309358,12.153169283461486,54.89849595510428,10.324264227070637,2
55706,137,135,557.73666158,406.10935664629005,439.4822507343796,323.7614038048095,2
01940,1221,1176,106.58324628037182,28.597111192610782,83.44312169519493,22.638064675034283,2
87150,190,190,34.13318750073316,1.9457396346049487,34.13318750073316,1.9457396346049487,2
87177,185,185,8.621798373434054,0.6629752395384437,8.621798373434054,0.6629752395384437,2
32554,74,72,88.91308136760811,26.79883158726537,70.12347744198648,21.554019569826977,2
87045,241,241,9.18895489309917,0.4346806964504275,9.18895489309917,0.4346806964504275,2
87046,179,179,9.151843528248044,0.5415691993161141,9.151843528248044,0.5415691993161141,2
86880,94,94,5.271182060165958,0.030232051847574458,5.271182060165958,0.030232051847574458,2
86900,180,179,2.9085780157794443,0.1756044320332263,2.9085780157794443,0.1756044320332263,2
86901,173,172,2.907226568331792,0.18829396065496573,2.907226568331792,0.18829396065496573,2
81050,130,129,3.5438029773192308,0.06655683871292,3.5438029773192308,0.06655683871292,2
96409,202,202,99.19694853127227,9.219686806303253,78.22579111812871,7.764996642610349,2
86708,281,281,12.083134609260854,0.21261125910819798,12.083134609260854,0.21261125910819798,2
68840,542,531,162.47159139653692,30.334963202756192,123.31234231080259,24.78741436393489,2
86663,105,105,12.792714545390474,0.1938886790396201,12.792714545390474,0.1938886790396201,2
86666,66,66,9.951541516183333,0.09686985364103681,9.951541516183333,0.09686985364103681,2
86671,61,61,11.926277710360655,0.3060677409491982,11.926277710360655,0.3060677409491982,2
86364,197,197,11.27305876990203,0.1809390890866142,11.27305876990203,0.1809390890866142,2
86612,43,43,12.512149479790699,0.5324424664848477,12.512149479790699,0.5324424664848477,2
J1627,119,119,5.817159771081513,0.7697050209496485,4.63343693752605,0.6127951995393893,2
J1644,181,181,0.22229923988342543,0.02831472543673524,0.17355433418674032,0.02433115978256708,2
70250,429,405,14.740790017782517,10.19776225409156,11.141694448737763,7.607442160586638,2
70355,521,512,14.554508297834166,4.2639546779908,10.886277017115932,3.252178274647777,2
86328,119,119,43.705458119193274,2.6172541038960846,43.705458119193274,2.6172541038960846,2
86331,73,73,11.573967453645205,0.6296911461101226,11.573967453645205,0.6296911461101226,2
81339,75,75,180.70565756253333,2.5190986831848092,180.70565756253333,2.5190986831848092,2
81514,53,53,253.06329981811322,20.73571165941059,253.06329981811322,20.73571165941059,2
81596,63,63,70.6685394477619,0.2477051878910461,70.6685394477619,0.2477051878910461,2
81226,77,77,435.2480372767533,32.173738660987446,435.2480372767533,32.173738660987446,2
86360,109,109,45.43130135492661,2.9781765636338906,45.43130135492661,2.9781765636338906,2
86361,68,68,26.177608482852943,0.21058238122651085,26.177608482852943,0.21058238122651085,2
86161,83,83,11.726214468433735,0.10432675638365145,11.726214468433735,0.10432675638365145,2
86162,80,80,19.6750868756125,1.1111727192765373,19.6750868756125,1.1111727192765373,2
86226,190,190,11.773998766994737,0.17519650854286048,11.773998766994737,0.17519650854286048,2
86231,67,67,11.831116410776119,0.058624816379633946,11.831116410776119,0.058624816379633946,2
86258,124,124,11.778257759933066,0.2306538256093599,11.778257759933066,0.2306538256093599,2
86316,185,185,20.284824211767567,0.37784077457344334,20.284824211767567,0.37784077457344334,2
86317,145,145,14.35381873400414,1.5296956295912214,14.353793380404138,1.5296901848404842,2
86318,91,91,17.493977436065933,0.9698700112697553,17.493977436065933,0.9698700112697553,2
86060,107,107,7.143900427331776,0.022894842070686025,7.143900427331776,0.022894842070686025,2
11307,642,638,118.54046865637072,23.71259172940621,88.91835518662306,19.34791134033525,2
46600,1810,1781,108.01858972261878,33.107639550167015,80.337745622321,25.907823890067704,2
82075,104,104,29.136018923067304,0.6813573672555119,29.133335559923076,0.6808347773989392,2
81307,62,62,647.2844238440323,66.57468515575714,647.2844238440323,66.57468515575714,2
0753T,45,45,1.0991239707711111,4.361860914291937,1.0575202597222222,4.297650790950068,2
70470,925,899,84.28704903767351,43.80442377207875,63.65701019737513,32.548396241724205,2
96573,580,580,217.0327756658793,33.07712960245823,159.99343225069137,28.328224422511774,2
96574,1099,1099,272.68829655561416,38.17048546885475,204.42240474530573,33.89156635856097,2
96910,562,559,120.96048037891282,18.035711643410405,94.19034861113701,14.622742983343572,2
97033,163,163,13.742239036858894,1.5286243362056113,10.547491824023925,1.3468320041833655,2
86003,302,302,5.088879368649007,0.09413738327941246,5.088879368649007,0.09413738327941246,2
85300,91,91,11.567261986527473,0.1303258080747323,11.567261986527473,0.1303258080747323,2
84702,84,84,14.729044960785714,0.09247613183338366,14.729044960785714,0.09247613183338366,2
85004,98,98,6.243387703012244,0.46163533830945713,6.243387703012244,0.46163533830945713,2
85049,169,169,4.358078077142012,0.17307504652672642,4.358078077142012,0.17307504652672642,2
J0690,343,343,0.7525994909425656,0.046603471544171576,0.5800295190565598,0.055822235975507985,2
82340,224,224,5.898963327069197,0.1471997705477732,5.898963327069197,0.1471997705477732,2
15120,61,60,756.1726312639345,290.4805250213852,599.2854729234426,228.26482541566645,2
37184,78,78,608.2574590751282,532.7652145500734,484.7899372401282,424.79271644151,2
37191,175,175,223.66101422925712,135.32289084856572,177.7244912552,107.895299238745,2
37221,211,209,1078.0689227636967,1083.3228720680308,858.4603638655925,864.3517969671408,2
G0425,551,458,91.04149350216152,5.263679372842677,70.30063331029945,5.36919893624086,2
51797,2367,2329,159.3618915735074,62.286400801009876,126.79192879194295,49.954158191802506,2
52001,68,65,360.4834591,298.06161888739143,286.50177151058824,237.46416088599057,2
52234,337,334,578.0781494393472,537.571334953869,457.18125761323444,428.0192544912505,2
52235,535,534,526.453216295757,472.40332419467046,416.4723440028037,376.7293501049575,2
0421T,160,160,752.138411621625,71.78507669363415,596.8502210233125,58.105721729665625,2
84446,114,114,13.730296359195615,0.8754317189743948,13.730296359195615,0.8754317189743948,2
84597,72,72,13.391118082638888,0.18834902891220176,13.391118082638888,0.18834902891220176,2
84630,152,152,11.063344220248027,0.6368860684426801,11.063344220248027,0.6368860684426801,2
84432,272,271,15.653499608755514,0.4286666980871846,15.653499608755514,0.4286666980871846,2
33264,154,154,3654.6445435946102,8306.12301486438,2907.651025302143,6619.799952163213,2
72220,1131,1077,17.493764898152786,11.072964892272834,12.642459646667904,7.98132927236857,2
82105,319,318,16.294818588206898,0.6417850671944885,16.294818588206898,0.6417850671944885,2
82140,282,282,14.220362936436171,0.5794437503833473,14.220362936436171,0.5794437503833473,2
82157,52,52,28.616899838615385,0.296048702188882,28.616899838615385,0.296048702188882,2
82164,133,133,14.107105993861655,1.1391242078228454,14.107105993861655,1.1391242078228454,2
82175,88,88,18.397109723647727,0.8025436321780998,18.397109723647727,0.8025436321780998,2
82300,51,51,22.790956175392157,1.708020289201441,22.790956175392157,1.708020289201441,2
82330,223,222,13.314792727986996,0.7636047721787412,13.314792727986996,0.7636047721787412,2
51728,1829,1804,305.459730266889,108.68846348170464,238.19435299861726,85.79307797157252,2
51729,1135,1121,332.7843547504396,109.8783096605284,259.5565716461189,86.9727601129688,2
J0517,200,200,162.31157908495,18.00293294162432,129.0350710057345,14.313014499384103,2
J0586,63,63,7.8296060739047615,1.5157775480352758,6.205004953071429,1.2002806362892386,2
97610,320,319,414.30585231490625,66.868563672427,328.6593926814688,53.46540503552269,2
17111,2459,2457,123.94727353037699,17.156969684490353,88.90841738355591,15.643046132852113,2
17263,901,900,174.1084081347991,26.374245350493055,132.70646574490675,21.416711566286313,2
17281,1123,1120,157.43532525902492,23.124190876387438,118.59161252860373,19.172738406817093,2
84238,77,77,35.1214667165974,2.852026964941512,35.1214667165974,2.852026964941512,2
84255,76,76,24.543414475273686,2.7308665544666573,24.543414475273686,2.7308665544666573,2
99236,1298,1297,205.00332372707243,16.13696871407273,158.0781653434977,15.18500369878283,2
49594,110,110,741.5122250395817,456.9643672034625,588.663008091809,362.2566562860915,2
73551,320,307,13.473030024661876,8.827661322340349,10.0866583578375,6.6092814106475695,2
72114,1632,1577,41.256041885214465,22.504576195078553,30.434143021273467,16.91269386613752,2
72193,97,96,67.6764818507629,43.859179725324786,51.9326432947732,33.60917549133061,2
72195,1868,1768,151.7943548963876,82.07430812585494,117.00834265440845,63.521407421910894,2
84260,60,60,30.017294935633334,1.5916229395158026,30.017294935633334,1.5916229395158026,2
83921,178,178,20.641651526123596,0.9368740217048923,20.641651526123596,0.9368740217048923,2
84105,89,89,5.6210947975247185,0.16654543233201013,5.6210947975247185,0.16654543233201013,2
84133,128,128,4.6190690645937496,0.07159228460215024,4.6190690645937496,0.07159228460215024,2
83529,59,59,16.894515147101696,0.1082105096741495,16.894515147101696,0.1082105096741495,2
83605,201,201,11.236599935155224,0.8252565172605869,11.236599935155224,0.8252565172605869,2
83655,100,100,11.708476386837999,0.6392037778693177,11.708476386837999,0.6392037778693177,2
83695,229,229,13.949310917301311,0.6169539316187372,13.949310917301311,0.6169539316187372,2
83789,47,47,23.505488243553188,0.551903294411149,23.505488243553188,0.551903294411149,2
83825,92,92,15.74112334747826,0.8689756417660343,15.74112334747826,0.8689756417660343,2
82436,81,81,5.592137795987655,0.1317828214898565,5.592137795987655,0.1317828214898565,2
82495,62,62,19.62769996516129,1.0283082525388871,19.62769996516129,1.0283082525388871,2
82530,101,101,16.222173513356434,0.4401160078631439,16.222173513356434,0.4401160078631439,2
82542,128,128,23.278708443898438,1.7046669454477632,23.278708443898438,1.7046669454477632,2
82575,159,159,9.154872405037736,0.3044015243807121,9.154872405037736,0.3044015243807121,2
15860,148,148,54.3870132336,11.577229825016671,43.3380927901304,8.965219396973083,2
83835,116,116,16.504906701939657,0.38291482670461185,16.504906701939657,0.38291482670461185,2
36225,148,147,235.11635053986484,246.49255373595145,187.58073735277026,197.17571920009965,2
36248,231,229,66.78155423387014,32.28998586059096,53.298078559255416,25.753353953004893,2
98927,574,556,56.36405427322997,6.816025725670905,42.41807529927701,5.943613271774955,2
50081,108,108,1134.026770649074,467.5096483444821,902.7112075974075,372.3260537826933,2
50437,42,42,162.25778291928572,128.2099330102677,129.42961496159523,102.05682855635611,2
51102,61,61,163.47739238654097,154.551535732159,127.89216545111475,122.33507412813141,2
J0153,361,361,0.5075908395462604,0.017617293146291953,0.40128081840609414,0.018180304314867335,2
15769,73,71,418.57737365931507,341.4464490456098,332.2477327717808,271.9269431438139,2
82945,96,96,3.808877199992708,0.2195638258818577,3.808877199992708,0.2195638258818577,2
82955,85,85,9.497362717130589,0.05461272478186416,9.497362717130589,0.05461272478186416,2
83014,188,188,7.660163352886702,0.13595069357947284,7.660163352886702,0.13595069357947284,2
49424,223,223,33.76113724061884,13.004601055821755,26.425006300932736,9.5414498717892,2
49440,380,380,201.23831288913158,53.76125789382597,159.4120444408684,42.356780423454516,2
83021,97,97,17.621939773195876,0.2451350835015564,17.621939773195876,0.2451350835015564,2
82785,321,321,16.044967432788162,0.3559750295966717,16.044967432788162,0.3559750295966717,2
82787,108,108,7.8144846854879635,0.15396359822718222,7.8144846854879635,0.15396359822718222,2
82941,62,62,17.061378691596776,0.9068392938018044,17.061378691596776,0.9068392938018044,2
82668,241,241,18.304267534398342,0.5019826117210542,18.304267534398342,0.5019826117210542,2
G0506,1840,1791,54.94064804285489,9.123215437326829,41.011063733394735,7.609982928478049,2
61800,93,93,153.82886080569892,22.905352354122535,122.9066078332258,18.260585198880786,2
V2785,231,231,4449.439183465368,435.68658663847043,3545.610893144156,346.9247122363771,2
Q4186,123,122,147.49252360203252,11.671861630576132,117.47647565448781,9.265005520906868,2
61796,138,138,1051.7363740336232,122.72047828467272,838.9852435050001,98.03959387703244,1
43245,88,88,206.40343475061363,171.23351655148474,161.55062479205682,136.35701488386175,1
93281,1439,1394,66.59226173809938,20.729764203968056,49.52052196545796,16.073156602317937,1
92610,743,741,86.27461440303904,6.63698752848318,67.34089097491118,6.117325651945044,1
26341,104,104,104.7215906510577,17.890077808463282,80.57589377474038,15.027916652458007,1
00144,298,297,148.45373404223153,44.552391985492,115.74820108533557,35.01161081159515,1
0054T,158,157,165.8611568383038,66.25936630835137,132.2122603966772,52.759724138455425,1
00534,288,288,211.31306953111113,70.72458173971155,166.99732328430557,56.41864482892896,1
62284,168,167,88.24594779878572,37.59424906456804,69.07334879654167,29.867201999303937,1
92553,637,637,43.52391964002041,5.350334794299043,31.08985050858242,5.027867464600868,1
92563,82,81,36.64642649069512,3.93634669975415,27.247804727804876,4.091896814494681,1
76965,94,92,70.5387501374149,10.846821117086652,56.27274644318085,8.657711388094357,1
40490,195,195,113.54139063990256,15.338199108082739,83.8691173870923,13.680943551455321,1
42975,364,362,83.70254041501373,14.444602793846014,63.90098113619506,11.464063158864917,1
43191,30,30,134.56207204896666,137.07796636382932,107.38566371556666,109.1766321909157,1
43244,75,75,322.3411606726667,192.340857609257,250.9430624904,155.67794886929394,1
61867,56,56,2068.89378000125,831.6300792055494,1648.47754511375,664.821594295346,1
92625,145,145,68.22118840509654,5.44670303772946,49.69670777641379,6.486949809628623,1
92652,83,81,114.25410080921687,11.706839014058719,88.62594680051808,10.70589401700157,1
92653,429,429,84.7547801696014,6.669283675192066,66.30182762692074,5.793485973061868,1
Q0111,115,115,15.68999091664348,2.334491834976089,15.68999091664348,2.334491834976089,1
Q4014,55,55,30.43329624707273,1.4334748008929004,23.637919831145457,1.6995574963172668,1
Q4022,272,272,14.078969387227941,0.4451938255840743,10.857523059757353,0.6262251677627232,1
Q4046,59,59,21.441833610661018,0.9324394472661792,16.652276222033898,1.0891325255965962,1
Q4158,36,36,264.5522796119167,358.8504681782028,210.7735334375278,285.9136726537815,1
82710,31,31,16.438738228612905,0.07652701224408673,16.438738228612905,0.07652701224408673,1
82747,128,128,17.207521652164065,0.6117807339233047,17.207521652164065,0.6117807339233047,1
83018,68,68,21.224810559752942,1.8581432614397713,21.224810559752942,1.8581432614397713,1
83088,31,31,28.52743484954839,1.2794985711613454,28.52743484954839,1.2794985711613454,1
82803,62,62,25.28940298987097,0.591731881495866,25.28940298987097,0.591731881495866,1
82805,55,55,73.87693338514546,8.198585672009479,73.87693338514546,8.198585672009479,1
36471,874,871,185.38916714982494,53.02517448388007,142.13598912255262,40.59374221858886,1
36569,98,98,94.00365216706122,43.52386671319245,73.77427245318368,34.841276946949414,1
82642,71,71,28.53772661226761,1.2143294698293188,28.53772661226761,1.2143294698293188,1
82653,107,107,22.323390920046734,0.9682931041838196,22.323390920046734,0.9682931041838196,1
82657,33,33,21.72177604657576,0.0439076240827113,21.72177604657576,0.0439076240827113,1
G2011,73,73,15.335356987353427,2.647235262615531,10.96853410409863,2.375210049950683,1
93050,44,44,14.550380835090909,1.0978927911270817,10.637578997825,1.9127565474441057,1
93224,2590,2590,69.61138376039074,7.113521819768173,52.14114569272818,6.620838760112831,1
93225,1192,1192,17.359789096915602,2.4504114507691592,12.915446835024412,2.0559835182410118,1
93226,133,133,35.9716501011579,4.659361520923654,27.083666550009024,4.462996454690553,1
82951,61,61,12.593695182983607,0.06780396836005756,12.593695182983607,0.06780396836005756,1
82952,31,31,3.839082111435484,0.005110587238562115,3.839082111435484,0.005110587238562115,1
83003,105,105,16.241174229419048,0.37396592717100746,16.241174229419048,0.37396592717100746,1
83013,211,211,65.38847464972986,3.411706174011372,65.38847464972986,3.411706174011372,1
G2024,86,79,24.86250143338372,0.5777563110900256,24.86250143338372,0.5777563110900256,1
G2074,179,179,191.91877494005584,15.19653518992686,188.07757368801677,16.55359284797718,1
G2076,84,84,189.34223026142857,13.799428347778607,174.17356289904762,21.443832417802515,1
73218,547,537,208.93315360431993,101.92655981413314,161.28419378143508,78.5429395671248,1
49591,141,141,489.8638385233972,485.5466242541462,386.7177387141986,385.2027642173588,1
G2077,352,352,115.12612440524431,7.677591900034175,113.19868464599716,8.682378215621315,1
82671,38,38,31.586899186026315,0.35931108518658966,31.586899186026315,0.35931108518658966,1
82672,83,83,21.188260067843373,0.4213541752582871,21.188260067843373,0.4213541752582871,1
82677,59,59,23.505947144677965,0.9673396145121355,23.505947144677965,0.9673396145121355,1
82679,89,89,24.38185227549438,0.27813890430419547,24.38185227549438,0.27813890430419547,1
82681,35,35,27.34616605042857,0.1818840089900822,27.34616605042857,0.1818840089900822,1
82705,95,95,4.985745435650526,0.127316665311033,4.985745435650526,0.127316665311033,1
83876,41,41,49.607228359000004,0.7646000256907491,49.607228359000004,0.7646000256907491,1
83497,71,71,12.60388943977465,0.17571587038677525,12.60388943977465,0.17571587038677525,1
83498,54,54,26.399153052629632,1.0920685387107474,26.399153052629632,1.0920685387107474,1
83519,127,127,17.953230028259842,0.23857413390772741,17.953230028259842,0.23857413390772741,1
36246,246,241,328.71529043788615,211.76904735856473,260.80034438497967,168.62769409027726,1
83527,37,37,12.64385684572973,0.2369402221719313,12.64385684572973,0.2369402221719313,1
97814,241,241,37.88193500210788,4.167059729245223,29.559956192941907,3.618986836309539,1
98925,408,403,30.60960989369363,3.840497777618127,22.485219759522547,3.473507165293667,1
98926,580,561,43.305811800231034,5.488015313159695,32.42181542717414,4.820122856281651,1
50432,307,307,212.45737636342997,57.9862299446724,168.3501107108697,45.890719881650895,1
50435,480,478,110.0102431508125,13.975245133357747,85.12464082488333,11.840460859635758,1
50605,86,86,463.35936017023255,139.3138869712991,369.9151409151163,111.19409761820877,1
J0179,64,64,308.343432758125,7.600533845407196,244.4925361578125,6.29334978527978,1
98928,488,481,69.74951256902663,7.141604696618799,53.1135035237582,6.30452146117037,1
98929,358,348,82.04345865978212,7.766777032240105,62.73576223812011,6.7532078650364555,1
98966,145,144,11.895466719695172,1.5539986579370675,8.552715899835173,1.4768783509762704,1
83625,61,61,12.51971016029508,0.04952651770402362,12.51971016029508,0.04952651770402362,1
83630,105,105,19.287549106438096,0.27879215888864994,19.287549106438096,0.27879215888864994,1
83631,40,40,19.23445945335,0.023473702775746976,19.23445945335,0.023473702775746976,1
83698,73,73,45.17183971993151,1.514122023273904,45.17183971993151,1.514122023273904,1
83704,95,95,32.374281522727365,3.3055392102685666,32.374281522727365,3.3055392102685666,1
83785,35,35,26.112354497000002,0.04359920488411819,26.112354497000002,0.04359920488411819,1
82777,34,34,42.804729040264704,2.9804431608273783,42.804729040264704,2.9804431608273783,1
82507,74,74,26.647664640408106,2.8280058142267386,26.647664640408106,2.8280058142267386,1
82523,149,149,18.2293666400604,0.5673875868453154,18.2293666400604,0.5673875868453154,1
82540,104,104,4.551696318683653,0.036549952913668055,4.551696318683653,0.036549952913668055,1
82552,73,73,13.017588375958903,0.8105307860083779,13.017588375958903,0.8105307860083779,1
82595,79,79,6.331364180997468,0.16610684775157922,6.331364180997468,0.16610684775157922,1
82608,34,34,13.851565878117647,0.5268567846380449,13.851565878117647,0.5268567846380449,1
82626,115,115,24.58913314,1.3134110861190467,24.58913314,1.3134110861190467,1
98981,175,174,38.52916203125143,3.9646073509222375,30.457877085754287,3.389150283977757,1
99091,230,229,52.99425816092609,4.499412984810518,40.20274357184695,5.265561834114623,1
73565,1364,1343,31.942316425204762,13.120516702543746,23.25207671553292,9.951250574202279,1
73650,556,543,23.964202109703056,7.978201847071071,17.59207039407788,6.028550775460354,1
73660,1043,1005,16.410712355166634,11.038943770782147,11.861702990713615,8.119418020147172,1
11047,167,155,106.66209029505987,17.64633695884971,85.13240163555689,14.138666012762906,1
J0248,61,61,5.681251247059016,0.47109188392973456,4.496335566465574,0.3987607754229584,1
33518,1100,1100,288.88668674017543,153.27581838699695,230.70082367120364,122.42818632854545,1
83883,285,285,13.265267542663159,0.21335357254020879,13.265267542663159,0.21335357254020879,1
83915,47,47,10.922583586617021,0.050844368527493945,10.922583586617021,0.050844368527493945,1
83930,141,141,6.462427862193617,0.10565924635168218,6.462427862193617,0.10565924635168218,1
83935,144,144,6.665605313486111,0.07341904543876562,6.665605313486111,0.07341904543876562,1
83937,59,59,29.205951075474573,0.17074922107763904,29.205951075474573,0.17074922107763904,1
83945,75,75,13.974751668970667,1.106001238654661,13.974751668970667,1.106001238654661,1
83986,196,196,3.492731441409184,0.1223329840258843,3.492731441409184,0.1223329840258843,1
83993,166,166,19.016632756283133,1.478713745034602,19.016632756283133,1.478713745034602,1
84080,140,140,14.367622880721429,0.749144326204789,14.367622880721429,0.749144326204789,1
84140,82,82,20.246878825902442,0.056197260867913754,20.246878825902442,0.056197260867913754,1
84166,982,909,17.4695194645998,0.771943494994635,14.584081823061915,2.0721700810355856,1
84182,61,61,27.81506582309836,2.6307669693763405,27.51845795972131,3.833759282067229,1
84206,36,36,26.147409975416664,0.04542765960265561,26.147409975416664,0.04542765960265561,1
10140,287,279,159.78757348772126,30.65664121243467,122.08941510998257,23.71113670601788,1
11000,436,430,49.99645716126605,11.307843500931625,37.89316888853212,8.796920276386832,1
11044,688,576,255.4348751304506,54.644977381141366,203.27751433290842,43.93097456388621,1
99183,796,786,103.97013272937814,9.485687525630071,82.40156482410679,7.652296374998572,1
99281,93,93,11.235736743192474,1.5702637855947503,8.211164678931182,1.576644910667431,1
82365,82,82,12.601802351219511,0.20771016994851021,12.601802351219511,0.20771016994851021,1
82375,70,70,12.029697339014286,0.10787561364109144,12.029697339014286,0.10787561364109144,1
82384,94,94,24.648398807521275,0.4656084914098414,24.648398807521275,0.4656084914098414,1
36581,470,460,560.1348404001299,540.4997486563685,443.3504368570851,429.4796856410377,1
36818,36,36,813.5026717931389,648.278740356958,645.1522479023056,516.4950185339325,1
36819,37,37,785.788579968108,540.6098442015025,622.4888093627027,431.4710624878714,1
82390,142,142,10.476424588679578,0.21800583681265176,10.476424588679578,0.21800583681265176,1
82397,68,68,13.80158616142647,0.1724301082978992,13.80158616142647,0.1724301082978992,1
51715,309,304,685.1986142240097,779.016761783602,541.0806557428447,620.920319511025,1
J0490,39,39,46.97080566387179,6.459737756181925,37.388427347000004,5.123470883767892,1
J0587,63,63,12.492226642650795,0.14355164775972215,9.851881483979366,0.22056280327117495,1
97606,51,51,27.27039666317647,4.5986518795691875,21.702504157019607,3.6301831681675663,1
33533,2457,2457,1105.067423170277,672.4249930001521,881.8139066592918,536.9896051288625,1
34713,223,223,130.49751367278924,34.72928183556619,104.20903025650225,27.763940221908538,1
35301,686,686,890.8230303368513,359.1228172654939,708.3436673502434,286.22657739128726,1
36005,201,198,118.79387167316419,114.07842363244136,92.29380892626867,88.04053349177082,1
84305,158,158,20.677182104310127,0.9267232886840989,20.677182104310127,0.9267232886840989,1
84378,40,40,11.288890756875,0.05981404246873693,11.288890756875,0.05981404246873693,1
17270,78,78,126.49672431589744,19.664046984780455,93.62429749097436,16.044041786773047,1
17280,301,299,115.12272298663123,17.692831846289007,85.7377275232093,14.56476599274771,1
17282,1151,1147,184.93898929520242,26.862826390698096,140.70390089388357,22.385981226501823,1
97803,1023,1019,26.93425460185728,2.3121227436803866,26.93425460185728,2.3121227436803866,1
84152,55,55,17.85369176970909,0.39271813982323917,17.85369176970909,0.39271813982323917,1
84157,63,63,3.9178000690396826,0.013629576363016704,3.9178000690396826,0.013629576363016704,1
33370,131,131,133.6840237923435,14.42113832770271,106.69762764044275,11.617198076612727,1
33418,318,318,1401.5048161183333,352.4598590028149,1118.7511843717296,281.947417971033,1
97167,573,573,100.21833665061953,7.915495443539223,76.57627280745724,7.741046180365456,1
97537,44,44,24.254383657045455,2.5494753704815305,18.83136732225,2.270859702590822,1
97598,398,393,28.248107455238696,9.236243734936789,22.2320428104598,7.367955503389933,1
72200,165,160,19.983418048310302,11.729770650788407,15.143472082628485,8.963511601873831,1
72202,581,565,24.6606422770926,13.12189331444522,18.327128680663854,9.934344838231093,1
73706,55,55,116.37713620463636,51.72559196413112,91.6392403302909,41.178268853877405,1
G0475,88,88,23.556847089011363,0.17270138863915888,23.556847089011363,0.17270138863915888,1
G0476,126,126,34.36443434754762,0.19670000850649497,34.36443434754762,0.19670000850649497,1
G0498,896,896,189.57056368564733,40.76269956410396,150.30205161411828,32.78706060591567,1
82104,78,78,14.066683722320512,0.5235633437535561,14.066683722320512,0.5235633437535561,1
82107,54,54,62.8146983435,1.2600899994135388,62.8146983435,1.2600899994135388,1
82180,79,79,9.643749883694936,0.15836898211769093,9.643749883694936,0.15836898211769093,1
82272,434,434,4.1327096961119825,0.11028905989528236,4.1327096961119825,0.11028905989528236,1
82308,78,78,26.08027147429487,0.9328747209603423,26.08027147429487,0.9328747209603423,1
36907,615,577,365.7087240200813,243.6485844373371,291.6284313195723,194.42174650114055,1
37187,49,47,1404.5816005602042,2064.383129627695,1116.3024934208163,1643.0546770687815,1
J0878,207,207,0.0509224850821256,0.008358603370594193,0.040398742163285026,0.006665400073302577,1
52204,372,370,349.93575821497313,293.0976247126366,274.8120541073683,232.47543756455684,1
52224,384,376,663.4123839819922,428.6803439921878,522.3928078767995,340.82193392088095,1
52240,204,204,681.1545471831373,663.8222687481443,540.7453074904412,529.1479279629762,1
84482,114,114,15.408515856885964,0.167373926641842,15.408515856885964,0.167373926641842,1
84540,57,57,5.387719844119299,0.31463200765623056,5.387719844119299,0.31463200765623056,1
84585,40,40,15.170654813225,0.07579884768873525,15.170654813225,0.07579884768873525,1
84586,42,42,34.30914965985714,1.2216940258020113,34.30914965985714,1.2216940258020113,1
84591,55,55,16.71699009901818,0.022322023107668232,16.71699009901818,0.022322023107668232,1
84392,50,50,5.358180452322,0.10470703872826496,5.358180452322,0.10470703872826496,1
84410,33,33,49.22618909018182,4.583176348307061,49.22618909018182,4.583176348307061,1
84433,51,51,21.68346602180392,0.17325075483329547,21.68346602180392,0.17325075483329547,1
84442,50,50,14.46692519828,0.04714812618392832,14.46692519828,0.04714812618392832,1
33274,360,360,435.1162429457778,53.12097125884754,345.85172842783334,42.243704476418124,1
85240,75,75,17.481383616760002,0.2851155195217793,17.481383616760002,0.2851155195217793,1
85245,54,54,22.452120710185184,0.12249679245694561,22.452120710185184,0.12249679245694561,1
85246,58,58,22.411318652431035,0.2516249474144761,22.411318652431035,0.2516249474144761,1
85247,36,36,22.46262523288889,0.07148870023115836,22.46262523288889,0.07148870023115836,1
85270,31,31,17.48237008254839,0.21224958914667472,17.48237008254839,0.21224958914667472,1
17315,122,122,73.29952147365573,12.290873292422255,58.50813354008197,9.82067929639702,1
19281,460,458,120.18284102243479,48.93270753678926,93.69239997595871,38.809033055425594,1
J0875,107,107,14.683459487485981,0.32120550032277245,11.696139392672897,0.25279997707952245,1
15220,134,133,653.273474513806,161.83145932555817,518.2763710028358,128.07296309804948,1
15240,180,179,836.9017000268333,138.9421066616793,662.9012179201667,110.02279896040893,1
15272,88,88,21.98589181243182,3.4527574510599175,17.472144428704546,2.778309448630765,1
15630,59,59,450.4688053728814,213.56888743787175,353.7856951227119,170.63339183685954,1
15730,43,42,1122.5284664706976,378.8947939940899,889.4118295088372,299.32767980050966,1
82024,193,193,37.571964816357514,1.4119813154152856,37.571964816357514,1.4119813154152856,1
82042,52,52,7.471552619578846,0.4312303523268246,7.471552619578846,0.4312303523268246,1
36905,399,394,2204.1895713514036,2032.8127381650193,1753.2817446785714,1618.289164216231,1
85549,48,48,18.224075590833333,0.6950381638611185,18.224075590833333,0.6950381638611185,1
85597,46,46,17.56654107380435,0.2561454601266744,17.56654107380435,0.2561454601266744,1
85598,61,61,17.478695214196723,0.5203374379021684,17.478695214196723,0.5203374379021684,1
85613,110,110,9.330196145711819,0.13783261253563867,9.330196145711819,0.13783261253563867,1
85660,36,36,5.394780687480556,0.016043817251126434,5.394780687480556,0.016043817251126434,1
85732,51,51,6.324201902711764,0.0464879968248479,6.324201902711764,0.0464879968248479,1
85810,65,65,11.412981467215385,0.16137838957666636,11.412981467215385,0.16137838957666636,1
32674,635,632,168.97655491353544,76.07358334773613,134.96329384122362,60.805433424934755,1
33233,48,48,127.82769868791667,22.325451292280487,101.91298148966666,17.803106718586037,1
85301,41,41,10.586698562341462,0.012036244468554405,10.586698562341462,0.012036244468554405,1
85302,48,48,11.737535321645835,0.10599687854461565,11.737535321645835,0.10599687854461565,1
85303,89,89,13.516740559898876,0.13964391078301336,13.516740559898876,0.13964391078301336,1
85305,51,51,11.326002546588237,0.19587460695955045,11.326002546588237,0.19587460695955045,1
84703,71,71,7.345625511060564,0.07062561576295576,7.345625511060564,0.07062561576295576,1
85048,180,180,2.4746391564450003,0.05765265034638563,2.4746391564450003,0.05765265034638563,1
85220,35,35,17.257963931657144,0.17108873348529388,17.257963931657144,0.17108873348529388,1
37225,729,715,5195.347607805367,2907.0024129897524,4142.939943590098,2319.113406963022,1
37226,171,168,1152.0521989125148,2286.4833289357357,918.2404162597661,1826.631427732004,1
81317,51,51,662.0264840835295,5.190495692482628,662.0264840835295,5.190495692482628,1
81321,37,37,569.3455744116216,85.76835483699723,569.3455744116216,85.76835483699723,1
10006,367,367,55.716686077866484,8.560006424671782,43.69650722582016,7.070117148624902,1
J1170,55,55,3.8409926812563633,0.5279590522562968,3.035249119301818,0.4297238635493779,1
J1250,109,109,7.654471866792661,0.8229057387194716,6.086751171545871,0.6581386246273635,1
52442,519,515,298.58736251557036,392.42745807699737,238.21842953909632,313.242335433982,1
70460,162,160,68.37383635321605,31.809150404583942,52.31523046978395,23.95437110570025,1
70480,1004,969,107.19822269085955,48.54208105610649,81.30244036301494,37.24672163742323,1
51785,87,87,116.67734808817241,93.70754411715536,92.49521802994254,73.96829688247328,1
97024,43,43,4.982912535034884,0.8548530199314557,3.8737589022069763,0.682557231982943,1
85307,53,53,14.988555190830189,0.09098525283448045,14.988555190830189,0.09098525283448045,1
85384,114,114,9.505533441537718,0.06660510811413851,9.505533441537718,0.06660510811413851,1
85385,34,34,14.171375439558823,0.010351650185583754,14.171375439558823,0.010351650185583754,1
85390,272,262,34.351015365485296,4.69649758068542,26.842766636386028,3.34861104875094,1
86037,61,61,11.720391698778688,0.6051924106092847,11.720391698778688,0.6051924106092847,1
86063,32,32,5.657229479728126,0.041076698885335106,5.657229479728126,0.041076698885335106,1
96450,46,46,73.07805780093477,15.056318663265047,57.55383439432609,12.403095904092345,1
96521,182,182,114.25252944354945,13.89828957136366,90.36792125741208,12.076614674408585,1
96523,1643,1643,24.985985569877663,2.8481822938787014,18.276010386680827,2.639850716302205,1
0449T,95,95,1846.8603286274736,1053.3045846216894,1467.956947402421,837.2827146528267,1
0509T,123,123,70.55658510935771,9.97867507378121,51.31530446399187,8.797986226661674,1
0598T,193,152,122.66524897023316,44.11198943273546,97.13129650914509,34.90939148191216,1
G0443,34,34,24.544550988794118,4.806035462287246,24.544550988794118,4.806035462287246,1
11105,988,985,53.15293838949899,11.737232248816811,41.672717144962554,9.608137146530568,1
11106,285,282,134.69964540729475,36.00795452615032,100.6320947040807,28.06406179935979,1
11305,872,865,82.81961126582455,19.80118732801593,61.286054517936925,15.69563160161963,1
73723,452,431,177.35687138227215,126.39706287773035,137.68474849889822,98.2141333827927,1
46500,93,93,335.5003376170215,63.961003305369985,258.89416838837633,50.36124291635905,1
49180,305,303,84.31413026688197,34.388772085996095,66.1555422554918,27.26835320723289,1
49593,96,96,556.435979387052,336.903410036696,441.3346408271979,267.9675440584437,1
81238,54,54,585.824809402037,11.117527186891959,585.824809402037,11.117527186891959,1
81240,42,42,64.16961350709524,1.2982366175419617,64.16961350709524,1.2982366175419617,1
81241,55,55,71.85508113794546,0.15364228237816843,71.85508113794546,0.15364228237816843,1
86356,44,44,26.197339405340912,0.18145031140467047,26.197339405340912,0.18145031140467047,1
86357,66,66,36.863078066499995,0.3814045357336537,36.863078066499995,0.3814045357336537,1
86359,94,94,36.76779684843617,1.0096836396679396,36.76779684843617,1.0096836396679396,1
86148,35,35,15.26917379479143,1.5879663488911522,15.26917379479143,1.5879663488911522,1
86157,43,43,7.893674979616279,0.052471774573645075,7.893674979616279,0.052471774573645075,1
86255,288,280,13.111745329147917,2.5333516385840444,12.05976101848993,0.940892347878335,1
86256,145,145,13.114011115532413,2.7040903805658014,12.119832663265516,1.1900579211333477,1
86008,57,57,17.49138356103509,0.30493770880098225,17.49138356103509,0.30493770880098225,1
86015,101,101,11.766758740980197,0.2172700384382602,11.766758740980197,0.2172700384382602,1
86021,72,72,14.68976478975,0.23047552884428985,14.68976478975,0.23047552884428985,1
86022,41,41,17.969552380731706,0.15033595746494496,17.969552380731706,0.15033595746494496,1
86023,33,33,12.187809203121212,0.08873480100223698,12.187809203121212,0.08873480100223698,1
86036,101,101,11.730602996237623,0.3886977140161839,11.730602996237623,0.3886977140161839,1
52330,31,31,244.51992434064516,88.37234122409575,193.9210589883871,69.364408769679,1
86332,37,37,23.660822942756756,1.216612174429586,23.660822942756756,1.216612174429586,1
86336,37,37,15.253443416675674,0.11305842358971747,15.253443416675674,0.11305842358971747,1
86337,55,55,20.93253131267273,0.16148554105878046,20.93253131267273,0.16148554105878046,1
86340,89,89,14.717181044314605,0.3793328701530114,14.717181044314605,0.3793328701530114,1
86341,95,95,22.927725037263162,0.7761423745669047,22.927725037263162,0.7761423745669047,1
86355,74,74,36.801217991337836,0.5637494200707914,36.801217991337836,0.5637494200707914,1
81328,36,36,171.22629629638888,0.5022222216666667,171.22629629638888,0.5022222216666667,1
81332,48,48,42.700363448958335,0.30593554892333225,42.700363448958335,0.30593554892333225,1
81338,76,76,146.0797929530263,7.737706480148436,146.0797929530263,7.737706480148436,1
81374,42,42,71.56227071109524,5.71963140110089,71.56227071109524,5.71963140110089,1
81400,38,38,62.57430520268421,0.5177266537857673,62.57430520268421,0.5177266537857673,1
81455,36,36,2851.343874208333,26.0607054005641,2851.343874208333,26.0607054005641,1
81479,80,80,1246.184281929125,1330.61208590349,1246.184281929125,1330.61208590349,1
82010,70,70,7.993870793164286,0.04326377958527251,7.993870793164286,0.04326377958527251,1
81227,33,33,171.2209090909091,0.5117883085097485,171.2209090909091,0.5117883085097485,1
86696,142,142,18.87469566880282,0.8142522199539624,18.87469566880282,0.8142522199539624,1
86403,51,51,11.272128436588236,0.12306788778107607,11.272128436588236,0.12306788778107607,1
86481,169,169,97.2121102425148,2.4478447700147097,97.2121102425148,2.4478447700147097,1
86592,252,252,4.158228900670237,0.2422815627622262,4.158228900670237,0.2422815627622262,1
86593,71,71,4.296170697852112,0.09235905846703249,4.296170697852112,0.09235905846703249,1
86596,59,59,11.796825421525424,0.06253564809692806,11.796825421525424,0.06253564809692806,1
86606,70,70,14.51528835402857,0.6639324227607429,14.51528835402857,0.6639324227607429,1
86609,46,46,12.434015031823913,1.0200319709426455,12.434015031823913,1.0200319709426455,1
86611,41,41,9.951595962343903,0.11512778230888993,9.951595962343903,0.11512778230888993,1
J1335,292,292,13.36381639795685,0.49170088700457143,10.556374277096575,0.413345878534264,1
J1442,39,39,0.9394132342999999,0.08516824264043178,0.7454499062410256,0.06946194575037344,1
J1449,161,161,32.1492560964969,1.0560874012340253,25.61494252220497,0.8405714446721757,1
J1459,44,44,45.72207338284546,7.054420057063249,36.36622093553637,5.611669553416121,1
J1556,46,46,70.5753771098913,0.6436989467198615,56.171932147826084,0.5348307343471854,1
J1720,154,154,16.632487989095452,1.880067267434134,13.019137580685715,1.6502179932568612,1
70220,511,509,26.862263519736402,11.474821465699337,18.914137670632485,8.47455190954969,1
J1750,126,126,16.553525014396826,0.9675832995424072,13.072823059301587,0.83743316221873,1
J1930,56,56,54.58587101908928,2.3543521638830103,43.429002641000004,1.8694893377856039,1
68810,228,224,201.20230933341227,47.374524765797055,153.52576680585966,38.055909974188985,1
69200,320,320,82.93328703072812,12.700531528511936,60.95061220574375,10.878373071571296,1
86757,57,57,18.929494573578946,0.10901199868470625,18.929494573578946,0.10901199868470625,1
86617,113,113,15.150234242725663,0.09643656171318735,15.150234242725663,0.09643656171318735,1
86618,419,419,16.60392700938377,0.6333804133828866,16.60392700938377,0.6333804133828866,1
86631,30,30,11.569277925233333,0.0474700411906124,11.569277925233333,0.0474700411906124,1
86635,87,87,11.116324810490806,0.47554616007109224,11.116324810490806,0.47554616007109224,1
86644,91,91,14.023070611384615,0.3161853569203708,14.023070611384615,0.3161853569203708,1
86645,85,85,16.416150307423532,0.3914292867742474,16.416150307423532,0.3914292867742474,1
86664,131,131,14.875659548961833,0.3505980829972063,14.875659548961833,0.3505980829972063,1
86665,140,140,17.644870973542858,0.42017316773456076,17.644870973542858,0.42017316773456076,1
86677,139,139,16.461524869712232,0.33473649255372223,16.461524869712232,0.33473649255372223,1
86682,42,42,12.721081750333335,0.10838273600541042,12.721081750333335,0.10838273600541042,1
86695,140,140,12.883525965507141,0.2854378096879954,12.883525965507141,0.2854378096879954,1
80280,32,32,37.645067302499996,0.5688581517882231,37.645067302499996,0.5688581517882231,1
80299,91,91,18.183542954846153,0.6459183317262438,18.183542954846153,0.6459183317262438,1
80306,80,80,16.6457936296,0.30319861092296196,16.6457936296,0.30319861092296196,1
81005,58,58,2.1261307282948274,0.017152774110883416,2.1261307282948274,0.017152774110883416,1
81162,35,35,1780.3480737600003,28.706487328610883,1780.3480737600003,28.706487328610883,1
96405,287,287,70.06922199312544,14.17613421617439,52.86704995414286,11.026409150505087,1
86698,51,51,13.262104200333333,0.8040038173475976,13.262104200333333,0.8040038173475976,1
86703,35,35,13.398870920857142,0.1828891030704439,13.398870920857142,0.1828891030704439,1
86707,81,81,11.298629231745679,0.21972695456226832,11.298629231745679,0.21972695456226832,1
86735,95,95,12.749082069178947,0.1333170781564532,12.749082069178947,0.1333170781564532,1
86738,153,153,12.923243548230719,0.29093983829352676,12.923243548230719,0.29093983829352676,1
86747,43,43,14.681187184093023,0.17415300366529696,14.681187184093023,0.17415300366529696,1
86753,64,64,12.101270253296875,0.15970741521601967,12.101270253296875,0.15970741521601967,1
52351,216,216,615.6370300481482,520.9561945989603,488.3470639863426,414.8551689861515,1
52352,304,304,353.89540174889146,372.91033631024334,280.513376669329,297.2167769953228,1
52353,145,145,598.1603798626898,611.6965092789989,474.3739376498621,487.2654158930126,1
86790,59,59,12.585555491661015,0.13556553900156937,12.585555491661015,0.13556553900156937,1
86800,532,532,15.511211136056954,0.44055273316716087,15.511211136056954,0.44055273316716087,1
86850,129,128,9.467112991792249,0.7029229322044248,9.467028481275193,0.702915073154007,1
87015,107,107,6.533924934374767,0.06568570800500445,6.533924934374767,0.06568570800500445,1
31625,149,149,80.01308616750336,39.106042860631185,63.42438015261275,31.02891041440968,1
96158,218,210,58.43357264188073,6.198971653640517,44.7056178262477,5.448255893047982,1
81242,48,48,35.84152893102083,0.32517957518939067,35.84152893102083,0.32517957518939067,1
81249,62,62,585.1768987267742,21.832512200098424,585.1768987267742,21.832512200098424,1
81250,45,45,57.31644444444444,0.023851391759998033,57.31644444444444,0.023851391759998033,1
81256,110,110,64.00829011231818,0.19098704675157002,64.00829011231818,0.19098704675157002,1
81263,48,48,288.98279809166667,3.604310747857987,288.98279809166667,3.604310747857987,1
81279,135,135,180.52556149007407,6.574807367141089,180.52556149007407,6.574807367141089,1
81291,84,84,63.77618951536905,1.2634097653472898,63.77618951536905,1.2634097653472898,1
81295,34,34,373.4228200691176,3.77367504428431,373.4228200691176,3.77367504428431,1
81298,50,50,621.4133669692,46.82996829576365,621.4133669692,46.82996829576365,1
81305,32,32,171.4835482971875,1.4844640801623668,171.4835482971875,1.4844640801623668,1
55874,572,556,1469.4127269556225,1475.4372739462576,1169.0535867384876,1178.0652386746863,1
68700,41,39,588.3021206665853,136.38634977828417,465.44828506048776,109.38022246552546,1
68760,60,58,199.53590123838333,94.07226261248977,154.05398346368332,73.36002119973658,1
J2360,76,76,6.061143527515789,1.4105668127701916,4.482203271938158,1.2045127452171147,1
01937,562,553,88.6829736537669,24.023941705596037,69.68856326255516,18.93490164303341,1
01939,367,357,108.92405776005722,18.722881758025192,85.29006474781471,15.223775866193686,1
01942,466,461,154.87591985848712,48.14911073663257,121.69393425287338,38.33113637043234,1
31641,85,84,251.86252236952942,15.743780763795963,198.62583238729414,13.45942402845417,1
31653,462,460,231.28326052543292,60.50774235368619,183.0743964053117,48.41205629135604,1
32551,54,54,139.4285257641111,26.539916402681815,110.22887937125925,20.81985150882765,1
86765,96,96,12.579545721156249,0.1740335328506849,12.579545721156249,0.1740335328506849,1
86777,55,55,14.068165950000001,0.09041149777087334,14.068165950000001,0.09041149777087334,1
86780,225,225,12.930453003675558,0.2966364457049709,12.930453003675558,0.2966364457049709,1
86787,132,132,12.573183029825756,0.15839038435224384,12.573183029825756,0.15839038435224384,1
86788,34,34,16.454275269352944,0.2654428607705284,16.454275269352944,0.2654428607705284,1
86789,33,33,14.070388149424243,0.16662660929668152,14.070388149424243,0.16662660929668152,1
80203,53,53,12.960748474188678,0.08100865302140368,12.960748474188678,0.08100865302140368,1
80230,42,42,37.78529353840476,0.0839140885706157,37.78529353840476,0.0839140885706157,1
99342,2464,2461,73.62931673712053,7.354741780114681,54.01246802390097,7.7649555461364645,1
13133,223,223,159.67113749820626,19.716022947527964,127.50623376132737,15.8330666030634,1
87305,50,50,11.71948324096,0.10155146177249395,11.71948324096,0.10155146177249395,1
87324,197,197,11.702169097837565,0.25139715992829686,11.702169097837565,0.25139715992829686,1
87329,142,142,11.68706158637324,0.2510900145571761,11.68706158637324,0.2510900145571761,1
87071,38,38,9.669355232955263,0.11034788095469855,9.669355232955263,0.11034788095469855,1
87084,57,57,26.094227427824563,1.9941013549389968,26.094227427824563,1.9941013549389968,1
87106,115,115,10.097917244165219,0.04028855368669655,10.097917244165219,0.04028855368669655,1
87107,64,64,10.075625395514063,0.13409927249557824,10.075625395514063,0.13409927249557824,1
87109,37,37,15.054926512108107,0.10422957560359555,15.054926512108107,0.10422957560359555,1
87147,140,140,5.038814734275714,0.3410145520566569,5.038814734275714,0.3410145520566569,1
87149,39,39,19.61952389684615,0.1505490357563692,19.61952389684615,0.1505490357563692,1
69801,133,129,208.33351880890976,55.53067502447306,162.55626678190978,43.66155525607413,1
54235,282,270,80.6549880363759,17.07092549941056,60.31705070064538,13.538849439603764,1
20220,36,35,99.04405379463888,84.49011921484527,77.21188731225,67.6981436025194,1
20225,71,70,154.17423424638028,96.04324927672931,121.34634494760563,75.66870098897184,1
20240,36,36,75.8726889625,7.156704287049361,60.16948912616667,6.07476947328325,1
20245,41,41,224.76241483414637,123.03625002518696,178.05002116317073,97.73510262337221,1
87181,46,46,4.596216655591305,0.16037252707737804,4.596216655591305,0.16037252707737804,1
87185,128,128,4.625242993949219,0.1846228978496076,4.625242993949219,0.1846228978496076,1
87230,40,40,19.344200265175,0.026187941640375998,19.344200265175,0.026187941640375998,1
87255,41,41,32.93454905331708,1.3666393314651504,32.93454905331708,1.3666393314651504,1
81206,89,89,158.96304945022473,7.064780488645478,158.96304945022473,7.064780488645478,1
81207,66,66,141.35601856954545,3.087032831807191,141.35601856954545,3.087032831807191,1
81209,50,50,38.46145980504,0.3488612301368068,38.46145980504,0.3488612301368068,1
81210,30,30,166.4424299386,21.891262720323407,166.4424299386,21.891262720323407,1
37233,110,109,1033.2074259827273,240.84167957573953,824.0039653569091,192.07959457021232,1
37236,60,60,847.6304784235,1034.8366905952432,674.595079745,824.1997347274639,1
37243,276,271,2118.701784185181,3316.8419908353053,1688.7740901390218,2645.8157267872275,1
37248,191,186,1124.67637261911,720.8259206552482,893.1363035295288,572.3290079388668,1
0358T,43,43,15.799379946053488,18.65759632121836,12.059401545137211,14.770731523598808,1
J2403,76,76,0.6929223643473684,0.01317341824219632,0.5525530423210526,0.010925290388185375,1
80183,85,85,12.952781895411764,0.17830678006149714,12.952781895411764,0.17830678006149714,1
80185,225,225,12.945201594304,0.33764756817768404,12.945201594304,0.33764756817768404,1
80186,62,62,13.46974266098387,0.06186065964689284,13.46974266098387,0.06186065964689284,1
80195,76,76,13.384247606894737,0.23117197842820605,13.384247606894737,0.23117197842820605,1
11422,211,207,121.51286461770617,38.807676123309456,94.00506892523222,29.77705883612382,1
11440,180,177,113.93719759637223,28.5190595526404,84.66412560799999,21.45921096558856,1
11441,139,136,129.50858935109352,37.90760632765917,98.07839993927338,28.014556265110556,1
11442,174,170,126.74035545132183,43.589111132730956,97.58986944602299,32.9754365874729,1
G0307,52,52,6.339383479003846,0.0028042585076982424,6.339383479003846,0.0028042585076982424,1
G0406,129,113,39.760280425155045,3.374150571913352,30.94605224985969,3.4764048428064656,1
67921,33,33,346.33242689212125,167.63884238446354,274.23377927999996,132.2865697378521,1
68440,108,99,67.82269509816666,30.396878260726275,52.25863680338889,21.760201036535953,1
53445,34,34,1998.0516060685293,4333.889740706148,1587.9802181654413,3452.47369281629,1
J2916,54,54,2.040583935774074,0.2850626255888194,1.5930091876259258,0.22590734035330454,1
80158,78,78,17.637083533333332,0.15608641780761184,17.637083533333332,0.15608641780761184,1
80159,90,90,19.64199169333333,0.9450406317746415,19.64199169333333,0.9450406317746415,1
87498,96,96,34.33592219259375,0.3433856612431501,34.33592219259375,0.3433856612431501,1
87505,69,69,124.82490028492754,2.5741523672273177,124.82490028492754,2.5741523672273177,1
87506,90,90,255.7993915318889,6.7781175189541285,255.7993915318889,6.7781175189541285,1
87512,60,60,40.79107851015,0.3964295039394475,40.79107851015,0.3964295039394475,1
87517,125,125,41.844935104632,0.438075209290125,41.844935104632,0.438075209290125,1
87341,34,34,10.049050804999998,0.19109302154697305,10.049050804999998,0.19109302154697305,1
87350,89,89,11.26145919664045,0.18487092177511102,11.26145919664045,0.18487092177511102,1
87385,40,40,12.967346037550001,0.04883611830668177,12.967346037550001,0.04883611830668177,1
87425,41,41,11.717621951219513,0.14328942653279622,11.717621951219513,0.14328942653279622,1
87467,33,33,14.792816582969698,0.3648133775115706,14.788593799575757,0.36751253658950755,1
87468,36,36,34.243358637861114,0.49200111096443744,34.237787209277776,0.49138175394509676,1
87469,34,34,34.27653642155882,0.48129356568958054,34.27653642155882,0.48129356568958054,1
87476,31,31,34.36097150812903,0.1331074469767261,34.36097150812903,0.1331074469767261,1
01991,273,269,76.6833598711575,20.994012676798093,59.88630692601099,16.73343178178429,1
67850,66,66,219.48277399483334,55.545514043926445,166.9926009014697,44.41482987828625,1
67875,124,124,111.04069500508064,81.91302559880472,88.54629159221774,65.25103150247323,1
31574,102,98,820.8134038303922,528.9821905296293,651.4457057185294,421.9721288747078,1
31600,116,116,297.5519696694828,51.24680662311155,236.89160596250002,41.17338523366452,1
87532,72,72,34.337787521277775,0.21511531686529006,34.337787521277775,0.21511531686529006,1
87535,35,35,33.95931305537143,2.3501196490872696,33.95931305537143,2.3501196490872696,1
G0407,257,245,68.27796973645135,6.286100445076882,53.686668456610896,5.382813717517302,1
74270,141,138,60.4574312046383,34.173684885753126,46.00981184062412,26.14031413033283,1
74300,206,205,11.923173961899513,2.0444580562412122,9.413952415074272,1.6349874010603398,1
80198,50,50,13.84133006758,0.10357540445836953,13.84133006758,0.10357540445836953,1
80201,65,65,11.546163646692307,1.0615155256487854,11.546163646692307,1.0615155256487854,1
37231,45,45,11567.686701895778,2033.8479740420162,9224.088943144445,1623.8300552380404,1
79101,311,301,102.85455688375241,19.664761626378343,79.267318833,16.518821729383227,1
79445,54,54,112.47462505701851,12.764486205665243,89.42219016083334,10.694465255832517,1
80151,39,39,18.267023629974357,0.01858742485262092,18.267023629974357,0.01858742485262092,1
80157,40,40,12.970853408575001,0.037537585342743436,12.970853408575001,0.037537585342743436,1
74450,43,42,30.63160525339535,33.049015517420735,24.186365519076745,26.48576498641128,1
44213,112,112,160.2280801932857,57.57048534442048,127.95721708182143,45.9855595626093,1
45300,243,231,111.3689647179465,42.577687720596984,83.35870813841152,32.03844482206562,1
74485,32,31,43.19491556221875,18.142461062535485,34.49965393140625,14.543107121213618,1
31267,390,389,741.4530227273334,599.6014962870189,590.4770797662563,477.5354056775267,1
31276,156,156,834.2882043553205,564.8340952059781,664.9847807777563,449.5901180250276,1
87551,37,37,47.10649003616216,0.6278872668028825,47.10649003616216,0.6278872668028825,1
87800,39,39,42.68266283502564,0.342288070188989,42.68266283502564,0.342288070188989,1
87899,82,82,15.707161805012195,0.13224361225089928,15.707161805012195,0.13224361225089928,1
31525,83,80,186.1692747216506,96.11046254462437,144.18151649150602,74.37890724309437,1
J2997,197,197,86.34074247158884,3.387337688971757,68.14025045527919,3.0856025140701866,1
01610,277,277,166.75388105730687,54.45713516827752,131.59253169884477,42.66766554780324,1
01638,1430,1430,266.6888224594343,93.65135390081633,211.2475075997951,73.93817559247532,1
01710,33,33,85.89739264409091,30.213737440286813,67.80192878845455,23.482425570514277,1
01916,386,381,172.66760717970985,58.46504608636307,135.78652966675907,46.440640651942054,1
67210,425,420,506.8327317285177,74.04138543887328,397.4693771188,59.03444737665285,1
J3411,119,119,2.473583514460504,0.10881814897170217,1.9377347313596638,0.08411246504412531,1
J3590,631,631,1038.3857693220625,1288.2776809865297,825.9474075983212,1027.205316393519,1
J7042,37,37,1.116626132762162,0.1379289252031835,0.8704935242594595,0.10982226297115576,1
21209,39,39,459.4820358341026,46.75261369130057,365.1736921648718,37.600522076871464,1
21210,71,70,1696.7760763592958,372.971416706283,1344.917774066338,299.0340109209758,1
95984,346,331,41.82018660088439,3.6837868065347497,31.766879781378616,3.9013059485315997,1
30903,198,198,259.369764515101,51.79725219822033,199.33064688045957,41.966765797462756,1
30930,73,70,172.11628761142464,262.09583736443216,137.09952681280822,208.8492447791879,1
80169,40,40,13.429841310625,0.14032273099644038,13.429841310625,0.14032273099644038,1
80175,135,135,12.921906317251851,0.2892098026500667,12.921906317251851,0.2892098026500667,1
99424,233,228,77.82211713154078,8.54301332873052,60.16456783522318,7.5940119355855815,1
99425,45,45,55.01984344228889,7.059217040586563,43.280249837333336,5.887899360553074,1
99426,1131,1129,59.510668840822284,5.026242427696304,46.1930556007374,4.741989572689654,1
99437,126,123,54.06508879736984,7.586795874279636,42.69974934181429,6.17812935398898,1
78492,928,926,1201.123451832747,540.9874492578863,954.3835799811035,431.0875702054852,1
76380,161,161,52.82723922029813,23.33571571049207,41.19558608957143,17.082491024026904,1
77432,179,179,430.7772346041341,31.306596748929994,342.611606185419,25.81303482646787,1
78429,34,34,163.44417090794119,295.2331489809166,128.80392475755883,236.01856506003915,1
G0182,249,248,97.72410975436948,11.133174031941815,74.2493246299719,10.00211890607314,1
88271,74,74,20.9694999785,0.07871689152969223,20.9694999785,0.07871689152969223,1
88275,72,72,50.069694263291666,0.3228074767585305,50.069694263291666,0.3228074767585305,1
88280,31,31,32.53599921596774,0.8483765614016974,32.53599921596774,0.8483765614016974,1
29881,1124,1124,907.4614934462029,476.4286713763006,719.528298130766,379.0991303560328,1
30140,675,646,297.1999530677511,195.648200487206,236.38026451278668,155.91892767332553,1
87901,33,33,250.76659614939396,6.538620043810246,250.76659614939396,6.538620043810246,1
88184,616,616,76.28032705675,10.26510498634999,59.158051550771106,8.712152443398887,1
20670,34,34,319.17154905891175,101.10068232564187,251.22287478897059,80.56428560942784,1
20680,604,601,627.7829242126076,392.53157403339407,497.3229662705331,312.09376647266316,1
20931,221,221,107.58365507314933,9.09959043067996,85.8704698374751,7.310584443884476,1
67903,195,191,634.6517305992307,125.91553278852527,501.36180366194867,100.07508187503036,1
01925,76,76,241.8372077303947,75.46331842582237,190.54629310271054,60.24284413876462,1
J3032,71,71,16.23609536190141,2.2783444552899814,12.90849085443662,1.8101436570215383,1
01112,240,239,107.89184205820834,32.11675289583901,84.48080683100834,25.74624727887181,1
01160,123,122,100.49474587017073,30.97429310659736,79.5846082302439,24.89554453262192,1
95976,145,143,37.078689384310344,3.5748002089890663,27.764167487103446,3.4919869404981405,1
95983,549,526,48.180346360185794,4.477652575898775,35.81641753810383,4.440631222568511,1
20612,204,204,63.6888868977451,9.08315449808103,47.360400670749996,8.040360552865202,1
88237,107,107,140.30073533785048,2.056204510842102,140.30073533785048,2.056204510842102,1
88262,30,30,122.78469795333334,0.6016196440962435,122.78469795333334,0.6016196440962435,1
11401,544,543,106.75077562209007,30.727534441217134,80.94469664042279,22.532181817169985,1
11403,447,445,108.83496717451902,29.70232174022435,84.71394594038925,22.243228056244288,1
11404,67,67,147.40562777456717,91.93640447091157,115.0898145308209,71.63592057885953,1
11406,55,55,239.98836985418183,116.93959514133614,187.79087216527273,90.39272792272281,1
12034,635,633,238.60439980994488,73.04606058274918,186.6479444749622,57.04454214124941,1
12042,1536,1531,212.21128849798504,67.83463017412329,165.5197365436634,51.630570644931026,1
13102,184,184,105.95704428140762,22.262093906582606,84.5593613085,17.763668680258032,1
13120,168,168,262.3923548910119,78.15330532064078,205.20557656594644,61.01316529771575,1
99484,869,844,37.995101643766404,5.570709997650253,29.193757161689295,4.730026375081505,1
11732,247,244,32.72451668489879,5.240088779200673,25.219477124965994,4.4905105882719925,1
11765,362,344,153.10526239428177,31.00516043120269,116.6924124401547,24.69742696171219,1
11901,445,445,64.34503988919775,10.338750129854843,47.27218047262697,8.372352028718005,1
89051,150,150,5.433405504967334,0.28827448054699517,5.433405504967334,0.28827448054699517,1
29125,531,525,59.848518256052735,13.904838585844589,45.53064676841243,11.135705618020177,1
30520,564,559,609.6606083792553,177.70698451042122,483.93813578239354,141.01935642095142,1
88319,57,56,33.68102366477193,26.60726055767371,26.797227642263156,21.22984867045845,1
88350,698,651,56.75795258134528,39.750404855658864,45.11952145859599,31.691528840829257,1
95929,37,37,85.3954893062973,34.13328651710554,67.83085716362162,27.278473912878454,1
67108,706,706,1246.749627774575,505.96274981849024,991.3689698051274,401.9119133793857,1
65778,591,591,1337.9042501683757,157.6037270413136,1061.294184671675,126.9302584175924,1
66180,374,374,1642.2794187014706,804.9433644078492,1305.5519314491178,640.2407124365832,1
66183,288,288,1799.9091113835764,927.2454514905525,1430.2578757720833,738.2571403426476,1
66250,135,131,670.420276357037,170.3110262189601,528.6230755325184,135.63673781148654,1
66710,300,300,581.1159292058334,250.71441507549417,458.5834089604666,198.61255248348675,1
66761,674,671,275.64145711926113,71.55407482686729,212.05818448843917,56.12595929079855,1
64727,72,72,176.13714529763888,12.22475009664405,140.48701079625002,9.849842690925252,1
65205,117,117,28.995248427418804,4.479317309093041,20.98557206448718,3.971966997489719,1
95851,116,116,20.092030493181035,3.4193412370836875,15.56025111781293,2.6616753409026015,1
95868,70,70,62.301258263157145,8.520543289051966,49.66045299971429,6.783211060063814,1
95885,1940,1888,45.85471391267165,22.1353562198934,35.96555761457655,17.568504205478597,1
95887,215,211,68.5082361123628,24.786768682885864,54.39297796784651,19.838752438858346,1
95923,1333,1330,119.82502139809527,21.284548708507497,92.08396077491373,17.805147399572853,1
88381,243,224,62.22982147766667,70.89638444886072,49.88985092915226,55.59228116428491,1
89050,41,41,4.629321967058536,0.002712273895741847,4.629321967058536,0.002712273895741847,1
G0246,64,64,34.877576639062504,6.050189188641953,24.813014333953124,5.030720474821074,1
G0249,65,65,67.74586904096923,9.577794016824068,49.35859209536923,8.210978468854984,1
G0270,95,95,27.12860474658947,1.9722624317421689,27.12860474658947,1.9722624317421689,1
G0306,61,61,7.601592544965574,0.033433223338626424,7.601592544965574,0.033433223338626424,1
75825,132,128,90.75919659247728,29.986225286430322,72.39870107629545,23.933996159810253,1
75898,318,318,94.46279105365723,53.83552995860888,75.37672000369813,42.90933751755593,1
78433,47,47,380.81473768899997,686.3740341184808,297.1338593298298,539.0008036474453,1
38510,32,32,352.8335469075,159.54191690485456,281.68454504,126.99102473478618,1
77262,66,66,106.16788691604545,5.624811389341997,83.62678724901515,5.003319867489328,1
77285,67,67,424.03236872104475,65.19422876254856,335.99004083343283,52.19834195954775,1
77321,220,219,65.13886736453182,20.7471867984902,51.50438291748182,16.548580684487124,1
77331,269,267,53.278250800776945,10.352136668427082,42.27747293901859,8.381784373912847,1
00862,111,111,296.35115800423426,100.35012719938716,236.3888877753153,80.92091298385597,1
00865,124,124,313.71257247080644,126.31537149072923,247.00649982862902,99.4671580493482,1
64612,755,750,168.9825268490424,27.56616316136144,125.55662710862252,22.677055782000643,1
64625,280,276,467.3336085322857,229.63673830886418,365.9176996515072,183.62577900808276,1
64629,65,65,211.22131165353846,17.50158871596841,168.56765832276923,14.072887804246731,1
90937,280,279,103.51311012712142,7.400978543258809,82.2447696700893,6.051841230365306,1
95713,31,30,596.3258492854839,63.07633486266871,471.2759194677419,50.896020403241884,1
95719,103,103,162.3153887267961,13.173408352705344,126.62902589571844,11.822962420158804,1
95800,1363,1313,104.31603252130228,52.0779751333591,79.52405465261262,40.36002563435959,1
29515,196,193,60.90726975914796,18.345615569023796,46.82827909182654,14.11823253471826,1
0121A,713,713,42.92319313412482,3.0620994446876613,42.92319313412482,3.0620994446876613,1
28750,311,311,1744.9161072878808,1773.7623143577282,1386.5758986174503,1414.4438435671307,1
29085,96,96,92.22847673055207,13.852764629068243,70.60921444463541,11.131724019850658,1
94762,427,427,25.16165221971663,2.1523602541916262,18.774504351800935,2.1581877856822107,1
95018,238,238,19.100161728113445,4.826204121267944,14.830680063038654,3.8186939824529946,1
22216,171,171,260.91734597442104,142.10999537964693,208.26598553299416,113.45972759743769,1
22554,47,47,898.0248080581489,1980.0211512341189,715.478842033851,1578.1567486557747,1
90853,763,748,21.96125717803014,3.3879477244734955,16.544579209637483,3.1061575417898344,1
90867,174,174,258.79409482942526,70.1413156283764,200.45939952632185,55.99042555003025,1
00830,210,210,143.40312957151428,50.51072106861269,112.13921896675238,40.01384827428746,1
11980,236,236,89.05550140652542,13.238327189952997,66.88682054944492,11.292084141533152,1
11981,69,69,32.657257600682605,12.705901047220461,25.98401747605942,9.906240780582264,1
12011,115,115,58.30747497794782,14.586043385090548,45.9845208218174,10.878704213287822,1
37799,60,60,220.25327933116665,249.82173671759892,175.07735860888334,199.21489950112556,1
38206,78,78,76.12210930347435,15.80792192155666,60.37569594005128,12.560387431003406,1
38220,69,69,68.10398335295652,19.521819770947612,52.94186757927536,16.060392824764723,1
38221,90,89,118.9649351046,53.999055426301865,93.55699895805556,43.567885539099535,1
77075,296,292,49.200799551091215,32.81695603454573,36.60711126847298,24.57194259897306,1
C9088,52,52,0.6801025895038462,0.05597161062713778,0.5423314303326923,0.04464351918282814,1
G0102,231,230,22.797330655827707,4.462260657382596,13.342526751207359,3.7605568672601444,1
57150,194,193,50.9204363145,12.819307660936696,36.87376036197114,9.969856204471192,1
57267,55,55,228.63276115909093,63.31255795934315,182.68819473072728,50.606649550851536,1
57425,392,391,799.137063049398,318.5337930455787,634.3696900908725,253.69510005390467,1
J7644,202,202,0.2608073704257426,0.015267163845100169,0.18808885370445547,0.02477527108403312,1
J9022,39,39,79.92973734082051,2.522941480832567,63.67805469869231,1.9912506040776303,1
J9025,203,203,0.43656973226206897,0.012680492852791703,0.34511970419655175,0.011048008930473077,1
J9047,36,36,44.887781824583335,1.446017104992518,35.78712106625,1.164303480917151,1
93990,1547,1488,85.82566669425728,52.58632497011955,65.50570444271939,40.29731005998063,1
94200,391,383,13.404631809373914,4.35324480760566,10.291116631552175,3.4622438270791274,1
94375,1748,1629,30.638353076861556,10.861465134273562,23.023533169719393,8.266426899554583,1
28232,127,124,260.41483948771656,82.2853720534967,203.5699067225118,63.268739197932156,1
28270,150,146,342.94179975373333,206.93837753129864,271.08957498813334,163.7788305189671,1
28272,81,77,258.6578859340741,79.54718487150356,201.26983852946913,60.165812285115955,1
27487,361,361,1291.4837822785041,673.0823973290632,1028.8081132200277,536.9459703270325,1
22840,1678,1678,515.3186047321162,300.5428715034345,411.4480182126359,239.9968198100899,1
22842,2686,2686,528.1623704092405,299.9278894593893,421.6534869726485,239.51049625630995,1
22845,991,991,497.9448738199102,287.77301789016525,397.5675651718779,229.77479769173107,1
23120,65,65,308.214954783,217.47922735135685,245.6152311604,173.30224080883568,1
93931,468,458,54.86555484175641,42.64203450098824,42.68316153843163,33.26235466733621,1
91040,121,119,49.88638715166116,4.599660268105676,39.14931210424793,3.9976881002993907,1
64632,71,71,92.63177788522535,16.04663189020918,69.34665344729578,11.740848338306913,1
A0431,348,348,5486.4343678951145,485.78587523030876,4369.2800459919545,386.9251322886957,1
A0436,348,348,37.19944649328736,3.3518019473606846,29.639672873227013,2.6709824190450147,1
A9538,61,61,50.56245228822951,26.68931310085216,40.346671986852456,21.25706301751826,1
A9562,65,65,579.8200439704616,357.0462896145031,461.667050624,284.2550968043237,1
43200,33,33,89.5570918349697,100.85692904565819,70.05927101424243,79.75569119303364,1
43236,87,85,53.761580737563214,47.24571443425066,41.97991876333678,37.569676034613686,1
77021,61,60,111.94788844673771,115.6043466295904,88.10956701431147,92.20870413356708,1
77073,1252,1186,29.981887679169333,15.45829375526735,22.36167215601406,11.782041302063329,1
J9181,86,86,0.788091817711628,0.024694460115511567,0.6265592846965116,0.019427938968683948,1
J9206,184,184,2.351456584878261,0.152390369420229,1.8700545361369565,0.12316286308275361,1
64400,151,151,94.43514751055629,46.43675290426417,72.90149674690728,35.96022116722302,1
64418,280,278,77.989447004675,29.017595553882245,60.04052863426072,22.554207291261243,1
64445,905,901,99.21535875996796,51.53212961617194,77.73396872691049,39.88222353115708,1
64451,185,182,212.52842473771892,86.04013431553325,163.57083085614053,67.96038742558447,1
92284,496,496,43.6487008153004,4.9579398047858385,30.433312692909272,5.058758061282552,1
92285,3953,3912,21.594721216323148,5.2711114235372465,15.740011790779308,4.159407825802169,1
93882,544,537,83.01015167963236,47.75994042849789,61.30757021477942,35.60986832797519,1
93886,694,682,224.9217994299539,94.17019599521579,176.88748868158214,74.68400294638907,1
93890,280,278,250.20858991791428,58.40081103955706,198.77030911465357,46.74873054729472,1
93892,329,325,150.32845818660184,51.12719513155176,118.55348232972037,41.03390620249908,1
93924,728,721,109.60667463398626,63.28180217219998,83.03703228660714,48.941964426441544,1
22630,138,138,1113.2408551258695,592.5460153045284,886.7743950294204,472.27883208500873,1
22830,150,150,325.33787495369336,172.56423006964494,259.51478077238,137.64584265735272,1
92145,234,234,11.525508834922222,1.051347758886901,8.3621724863047,1.1404669846233355,1
76498,74,72,57.00584438015135,53.02100029240653,44.701152778785136,41.833189715127276,1
11601,238,237,151.08953493813024,47.87347975557568,116.77796980859664,36.516586670724,1
11623,247,246,169.0246286693077,51.111383163278475,132.68613508063157,39.40882085480259,1
76857,2684,2579,35.571216796269006,13.095476221963674,26.28283835822932,9.907759618195154,1
62368,250,246,39.247378487,6.019530055397628,29.844486114452,4.982631116151867,1
63045,137,137,649.9948105627738,357.8705860577466,518.2935336850876,285.0183115735934,1
93567,213,212,37.99795215707042,3.776339415664105,30.334856630948355,3.0404435634855713,1
93609,136,136,273.62031122786766,30.318694003236065,218.5090376977206,24.35140860698892,1
93641,165,165,161.82612455969698,19.305323215971384,128.80373054121213,15.43321947284302,1
27685,41,41,252.19729511712197,142.33320840203967,201.01112307046344,111.85322306550876,1
27687,126,126,274.5681270988889,209.97282613307027,218.6546131873095,167.1625067791967,1
27691,44,44,762.5697704471136,576.8995385356724,607.2895029419773,459.7223904036299,1
27829,41,41,564.318908599756,890.9932165509417,449.04346668499994,710.260929006916,1
28002,40,39,189.83108378740002,115.52554583336735,147.86240443025,89.962983353933,1
28003,36,36,228.28788036666668,141.86358640277186,180.91855133694446,112.1049864257345,1
J9173,53,53,77.6728476704151,1.2867723011966699,61.874846264150946,1.001054532017287,1
92587,444,444,22.704570621820945,2.1845569778017455,16.209270853206082,2.354290731947476,1
92524,480,479,108.96654754022708,8.600028475425875,84.09805902654792,7.68927335653346,1
92546,614,613,118.47290535606189,35.707605637289085,92.7957087035132,28.3732629346351,1
J9250,61,61,0.23547625127540983,0.03057205436991272,0.18198558256065572,0.024348283703614394,1
J9260,73,73,2.344237645038356,0.28276496650085015,1.7901144201493153,0.24423052571896825,1
J9264,118,118,12.325977408915255,0.4645151742936433,9.819556768081357,0.3684539142899265,1
J9395,227,227,10.381095300740087,0.7783249969448743,8.066565908674889,0.6221424202053503,1
M0201,375,375,36.099768100248,2.73433140595413,36.099768100248,2.73433140595413,1
62322,373,373,82.14354833540482,22.196182848260612,65.16088626116085,17.336379712383405,1
G0123,194,194,19.802255046582474,0.42320661990386055,19.802255046582474,0.42320661990386055,1
G0124,538,530,22.98136484678253,2.054749155879211,22.69243676448699,2.4530939698478114,1
43275,291,291,341.6478366589347,113.6297065892574,267.75928728649484,90.93781826935876,1
43276,233,233,418.6953708829614,47.7242672434906,331.6559927113305,38.21426753961223,1
43281,278,278,1221.2220087412231,499.5393904325423,972.7877092298526,398.7646150221096,1
43282,211,211,1348.7665239618009,609.0241084645648,1073.672863553981,485.83098365965157,1
44205,104,104,1138.3980862444232,414.94698187142376,906.4965977425962,330.57923051560397,1
62270,140,140,84.14727057997857,42.53037907502422,64.86332071325714,33.094867692276836,1
43250,51,50,334.43359210360785,283.53843826001895,264.9232724985294,226.59523816583874,1
43254,86,86,265.2571903090698,52.27246737324141,205.7445675038372,41.847984252958945,1
43261,54,54,27.903127956481484,19.286427515815,22.201866846055555,15.41844541700422,1
27335,39,39,275.4974710666923,266.9621458290285,219.57688088812822,212.74207436055715,1
92979,296,296,74.06193289127364,6.08654010829911,59.12209659915202,4.927155483964428,1
C7513,65,65,1194.5038568963078,201.96593831847267,949.9017515455384,160.74642816279038,1
Q5115,79,79,42.883213975,2.2265787978176723,34.13792393482279,1.766901002366485,1
58552,31,31,881.6523874009678,693.9698171956618,701.7176311850644,552.7142661875591,1
Q5119,335,335,27.934374613704477,1.3387517228381065,22.24136643718806,1.0569632863866654,1
27446,450,450,2203.0437294729113,3040.110607427886,1753.0361012595556,2423.0915620719934,1
26480,466,466,718.9988346729828,449.3706713077593,572.9543398507125,357.7763818351156,1
61885,82,82,738.4602817387805,1943.309863384735,583.598860297744,1553.2435651566882,1
61624,319,319,1102.9943927469906,125.04840261518949,879.5707380024452,99.8127213005035,1
93289,1078,1051,56.497202649490724,18.5644087387207,41.39294263072449,14.203740709532733,1
92549,69,69,63.06465733204348,7.838586861517983,49.24713553911594,6.333002713991056,1
26123,285,285,1105.700973059263,296.2460953425292,874.1300761909473,234.9211905044809,1
61798,62,62,1399.4974799129034,222.3602207435517,1116.3284546964514,177.81084312517467,1
Q4236,81,79,1223.5818001639507,85.55611171163835,974.8948673160494,68.12195911883539,1
00170,154,154,149.4686787589156,54.40712826520437,108.7380853066039,39.710820372117055,1
00402,70,70,215.93318123314285,79.14609150904417,167.92159665674285,63.44350628003903,1
Q4229,46,46,220.10201817586957,22.605824908884703,175.36894151456522,17.987895254951717,1
Q9968,51,51,7.245484411892156,0.9645914884765745,5.775797156813726,0.7690399882789202,1
Q5107,78,78,28.42821544494872,0.7135591103012444,22.61712682852564,0.5510138072917595,1
00567,1099,1099,677.2250422064332,211.13075697225864,539.5868827775067,168.4296942463842,1
Q5111,123,123,135.7154940382927,3.3122196066709875,107.86993802565854,2.662673317474498,1
Q4188,47,47,936.5379444095744,40.56021035498502,746.080364414468,32.27003730971037,1
Q4194,69,69,1012.6364983863767,18.00437613118136,806.6163103082608,14.44190316411421,1
Q4197,82,81,160.24445160048782,9.9421968814947,127.58939104182927,7.961821464823851,1
58542,79,79,437.267630874557,434.94042460956217,348.22293964031644,346.34064769056107,1
61797,67,67,224.54925725208955,26.50580972857827,179.38984795000002,21.287828550524544,1
61886,134,131,965.5272112846269,1983.570511000351,766.2231314153806,1580.750829380233,1
00120,85,85,199.60040763882353,78.28295604452636,156.25141512997646,61.777184406974385,0
00210,316,316,496.5159957758227,148.9037556500471,395.28659351636077,118.94613128520064,0
00350,115,115,327.2762380753043,107.84280902356859,259.2665687003478,85.91632861327997,0
61070,33,33,97.09838594572727,116.57859699351211,75.96312104554545,91.30980786114024,0
60240,41,41,865.7732276165854,440.40318339797915,687.8613113690732,351.108919357681,0
60220,78,77,579.6866246934871,200.84327290521577,458.7333122995256,159.87357610326214,0
60100,63,63,81.50496146580952,19.256188053062285,61.66617090292064,13.835161731559019,0
58661,47,47,624.8361452324681,296.1401472260063,496.878691225383,236.69227036471221,0
58571,754,754,704.0178191325372,311.96353345714107,560.1604301475,248.79216108436106,0
58558,465,456,851.7345198085807,609.251081038197,674.2038404054409,484.9073816582006,0
62305,38,37,152.83734688236842,63.63624862005101,120.14426515689473,51.91868614531209,0
62304,98,96,155.22383960592856,64.64631631358007,121.41669421004082,51.0870180270272,0
Q4196,56,56,104.78014953660714,1.4745475926212825,83.43438580733928,1.1459783411243882,0
Q4159,43,43,403.0409943467442,20.815571144679165,321.05491966302327,16.50672340517508,0
Q4049,69,69,2.4478654421434785,0.04657179690529356,1.8448397413579711,0.13640998857567047,0
Q4021,68,68,7.83417975112647,0.1385719102066155,6.072562199657353,0.3085897183818588,0
63267,64,64,863.492148699125,482.64762472725863,686.9434336383594,384.82826201053,0
63081,50,50,1258.1989158974,700.4863824200561,1001.8427677458001,557.8880915895336,0
63056,96,96,927.8206075872916,743.9206442924408,738.8641590546354,591.6297526435671,0
93041,67,67,6.034371403592537,0.8577952293430781,4.526714366222388,0.8211163384570962,0
27369,166,166,178.82593164413854,34.8508480219043,137.33311610633734,27.462668065397835,0
27299,32,32,554.0907448092812,261.5917258506827,441.796037809375,208.57711081859298,0
27280,49,49,1348.9563486440816,633.5902691569502,1076.5972360646938,505.97539400128346,0
27279,161,161,5203.434876624578,7214.333172691159,4144.261565149428,5749.090041871658,0
27197,52,52,128.71853517826924,18.018206942450043,100.18510017073078,16.008444203395978,0
27134,97,97,1484.777360317526,620.8586735630474,1183.1443979231958,495.32310338007187,0
27125,30,30,1059.3068195566668,258.63216043727033,842.3085748970001,207.2205634871173,0
27095,41,41,152.63729119490245,122.23749153114215,117.65750889331707,96.16310566542349,0
26440,46,46,494.2392565282609,74.25628436545499,392.0434270173913,57.46190816034742,0
26236,38,38,562.0346034855263,198.44123594450582,446.09678656921056,157.7543130476947,0
26160,438,438,452.2565242265297,191.34930962905815,355.99723268134704,151.78135808002457,0
26145,156,152,432.22423868044865,82.77687505996607,342.43936366179486,65.41495562088585,0
26116,44,44,486.41701453227273,89.21195614993451,384.2030656327273,71.05289238248362,0
26040,83,83,381.70424013626507,138.7748322558405,291.9772429491566,113.6024375443671,0
25609,429,428,2171.0479798727038,1729.8129918591117,1728.004484061478,1377.689831360005,0
92937,41,41,486.6588180819512,96.86493490165908,387.1203067297561,77.65966978979299,0
92933,185,185,620.921573924973,69.93277817607401,494.65592995962163,56.14264596191062,0
92700,34,34,37.87961648032353,28.23798802749952,29.519367469529413,22.292147009720942,0
92627,59,59,20.47479135262712,1.23362709536375,15.373493983576273,1.5477667432272462,0
92626,419,418,85.47717802670884,6.628737810906615,62.32413645234606,7.242095322421818,0
92613,45,44,38.902167688666665,2.676843700869829,30.850631911222223,2.18034823209582,0
92612,156,154,192.62835458633333,47.01687398528524,149.89511137622435,37.70196512875751,0
92611,169,169,91.11597376324852,6.206786272759859,70.42619472802959,5.716015579852463,0
93285,638,620,51.419770241998435,17.129139036474296,38.910847708932444,13.370771725509451,0
93282,1336,1305,63.777676717134725,19.720357459637512,45.978337008291916,15.104546281539795,0
93271,34,34,153.985220175,29.400180373183037,117.47956962082354,23.852467930426332,0
93264,277,272,40.386163617346575,9.109826203073556,30.62798937199639,7.424820674402755,0
93247,42,42,248.3215500426905,64.48445803179752,193.554673898,51.38322137902667,0
93243,51,51,214.7381024354902,63.443153019493906,165.59541341065292,48.7810122301766,0
27093,215,213,213.2398766825535,76.67002253813071,164.53798885953952,60.423761354570736,0
26860,35,35,1011.5629255134286,384.7130917336082,800.7222569925715,303.7636560655396,0
92571,71,71,27.983193339859152,3.551161790270137,19.71510991797183,3.4606488691629256,0
92570,306,306,32.73288785413725,2.595657737635629,23.549324204156864,3.0835989120156575,0
92565,33,33,19.766780188060608,1.9002633070982895,14.284942755848485,2.2594565571265393,0
92556,941,941,41.916740013611054,5.232936229620371,29.885815616303933,4.927017257803714,0
92555,230,230,27.56446957784348,3.7380894568025345,19.988644825299566,3.42186907654038,0
23395,60,60,452.1453062781667,305.6543610294379,360.5797868681167,244.07100390166278,0
93352,615,577,33.91834619846504,2.83489958081591,26.243538254310568,2.6063660501114243,0
93314,298,298,89.45596374028187,5.582407177866985,70.9141360507953,4.888443261639094,0
93307,373,360,59.0801644158043,35.31057283837522,44.83192323956568,26.50033051536152,0
93303,212,198,116.06377316541038,80.31564542866663,84.83822508960849,62.091085856106915,0
93293,47,47,28.82522760031915,15.1594088912221,20.484337561385107,11.130964299927525,0
93291,914,894,39.841146316989054,14.500106453484115,30.01008917087757,11.262979666564453,0
93290,1195,1148,38.96412083108536,12.600241573626267,29.288820372402594,9.82745248424541,0
93287,198,195,25.442026411702024,10.018741747442945,19.802548830424243,7.833870774835446,0
93286,438,420,17.898066085716895,9.862829577300051,13.912403702801827,7.667444396635186,0
92950,106,106,181.86898388037739,12.220225432197664,143.8487099323585,10.624841796946436,0
92520,170,168,81.89208406838236,15.979959375069658,63.947764647223536,12.97324691489131,0
92519,102,102,130.3208149332745,16.32305678991628,101.37312374103922,13.600216088164917,0
92511,539,535,109.69066632897774,29.623995019659564,82.12797017689796,22.99075881971253,0
92499,40,40,22.607491681775,11.965520819975138,16.879458177095,8.660546328145776,0
92286,1195,1190,38.55496576561757,5.1758026209679615,28.347472894550627,4.602369202592656,0
25310,210,210,416.1050886252238,236.10291963486762,331.497605966081,188.06665577862853,0
25290,38,37,350.4809983023684,222.80929220808696,279.51745417131576,177.1493797086625,0
25210,69,69,404.08537374549275,307.79757427586554,322.09450878402896,244.81110345170117,0
25115,68,68,654.8326021229412,192.3614022201996,518.0657906729411,153.57552396885578,0
25020,36,36,721.7555066708333,127.21690296811335,572.0160730311111,100.63710563192548,0
25000,192,192,362.21322960895833,170.9843211250348,286.7972416680729,135.22520155848258,0
24301,30,30,251.0482462328667,175.66641553728402,200.4352912983333,140.28334834375525,0
23474,47,47,1284.054483305532,655.8407403582496,1022.5449554631915,523.3762482295607,0
23440,44,44,566.5091071030682,746.1096165342389,450.26110162056824,593.5147149344182,0
23412,219,219,1049.0303357978357,933.0428192882075,833.4245477087443,743.3557583972738,0
92603,58,58,148.47395134465518,11.588043415495205,114.13517081239655,12.157865973739868,0
28124,54,54,315.7904061987037,112.38870856084002,246.14609179796295,85.84596663757921,0
28122,79,79,361.90031301892407,226.9735153323327,288.04838022768354,180.78916979934067,0
28005,39,39,499.7892883920513,84.92406358080271,397.81079105076924,67.77228648678975,0
27786,59,59,330.5067129523729,41.452520919903634,257.37401299745767,36.51414583613692,0
27702,77,76,769.116133198961,335.2327997758723,607.6926225775194,266.6182642174506,0
93702,90,90,126.70191040894444,24.32571235329362,95.6097329461,21.174751819255565,0
93660,146,146,99.04929991395205,27.997083621974614,76.79871835908904,21.727564519157607,0
93654,132,132,996.1283314342425,82.39971964405616,793.0155841298485,67.99392208468798,0
93640,36,36,93.72740672038888,12.096114149391735,74.42914306569445,9.766630554440326,0
93620,59,59,601.3301747350848,81.92389379938682,478.4065640449152,66.53933854755299,0
93572,116,116,47.935342289612066,7.541887983335409,38.29686640128448,6.023470600545038,0
93505,184,184,211.1573359704348,24.69137639107119,166.02491046690216,19.985976001146966,0
93463,81,81,98.0298355551358,5.5440294156029015,77.97217953598765,4.704613429616786,0
93462,122,122,206.8266621017213,24.42616557133917,165.2878019844262,19.588954424475443,0
92545,53,53,15.70572963171698,1.951623645158653,12.080308556190566,1.5366847506870913,0
92522,48,48,107.79326007147917,9.53504510189829,82.251765079875,8.757788865302663,0
27506,40,40,1221.3780013205,319.5684466727605,971.6357012742501,256.22413415376633,0
27486,62,62,1078.9836985730647,497.9743311605552,859.6333436454838,397.6947773290556,0
92240,40,39,180.371707825875,47.146211970462694,138.37015326785,37.14854515104865,0
92229,39,39,41.87426635338461,5.705795428233395,28.15696251355128,6.761847491999312,0
92228,134,126,21.816816350238806,6.955612340874762,14.828723783524628,5.666390855285854,0
92082,1485,1473,44.401619757358255,7.471580950952493,31.61285336595623,6.381844295884547,0
92081,1035,1020,30.330270310243577,5.750142235468587,21.615859921062995,4.647663400937584,0
22634,362,362,328.5089790160359,194.88296135929997,262.3092058051436,155.67898688681,0
93893,44,44,100.55074871145456,52.227519183629944,77.713424991,40.16020467979512,0
93888,72,70,103.18916949561111,46.552880650016974,81.09938004051389,36.65786672851379,0
93798,301,294,20.76393230314286,6.0589626533488445,15.714653664254485,4.780797300946892,0
93797,42,41,13.291406789876191,4.169624578281618,10.05958972917143,3.1421862249036496,0
93790,120,117,18.039936468983335,1.1032582802381266,13.300529205557499,1.3873718152179395,0
93784,140,140,46.9317177303,4.96428260258829,35.07158920432143,4.543806848423719,0
93750,644,604,39.41924267579192,5.030640199819696,30.970613492788818,4.082182360627154,0
92274,70,70,80.1568747277143,20.393561531753207,60.28983474225714,15.97224105450435,0
91120,286,281,348.48369769545457,218.61963718584374,273.7373592446294,172.55440773733292,0
91110,848,825,515.7099121047146,313.7415185086129,408.23885249633724,249.11387714050446,0
91065,469,465,63.99372343515075,34.11120101120876,47.937009928123665,25.87309219328802,0
91038,95,93,163.23021412737893,170.57148523717612,127.6351524960842,134.68924263892018,0
91037,272,260,90.48401734646325,57.981143923560595,71.28692625985661,46.508869932130786,0
91035,226,222,142.81660814937166,129.61004095447063,112.20929029297788,102.96300980046702,0
91034,76,75,119.08050464665789,71.38450907348327,92.67826092482895,55.931983863348414,0
91010,606,591,95.53400909366997,63.7553180072116,73.72668422810891,49.6792529823657,0
93930,234,231,139.0471793287393,81.65187460060692,108.90436092719658,64.24379033550854,0
22869,72,72,5056.980096538361,5135.407641782924,4024.0949709344995,4089.480866480818,0
22867,32,32,5681.293527081593,7536.922072855918,4524.640085024406,6005.069916957576,0
22854,44,44,251.8217243027273,129.26618695069084,201.04720362731817,103.18249267391177,0
22848,180,180,274.72177236523333,131.37606890962113,219.30717417837775,104.92688204363517,0
22846,129,129,515.0416787577674,310.02961104308906,410.99696747974417,247.4619170032651,0
22843,199,199,663.5224849406885,267.67636210875713,530.0340517273418,213.87354738672835,0
27570,83,83,417.57196848208434,297.0334670972413,329.71023410515664,237.35940675700638,0
28308,275,274,482.83966543131635,363.17342307734884,383.70505817386544,288.91560270676064,0
28299,62,62,1489.9825313415483,1495.8120684611908,1181.2454979322258,1193.3129057965687,0
28296,34,34,821.4357955240293,395.7492498550113,647.4598697538235,314.605349263839,0
28292,39,39,419.1530119360256,314.81397045348695,333.9475827793077,250.3090673319883,0
94621,379,376,101.9663227675066,43.16304684321184,77.94127812231135,33.22570263304013,0
94617,40,37,64.53672436085,28.66509488649878,49.787094875550004,21.991746924455228,0
94070,204,202,41.42946308812255,17.71189015418101,31.94493240680392,14.160372515339061,0
94016,90,89,24.719855969144444,1.6128370179527944,18.791115059333332,1.7627558661293297,0
94004,33,31,47.72269621660606,4.902206437328338,36.70441351787879,4.182473251309367,0
94003,59,59,65.4792787928644,4.256615979985846,51.80157663447457,3.5154571794954173,0
93986,122,121,99.14216160081966,44.430157140073234,75.33440360830328,33.81702326245327,0
93985,396,390,168.98523368108334,101.42352836549058,130.81100825509344,79.23179355155843,0
93980,111,111,113.15331367824324,21.349810833343525,86.35171439109911,17.767304326616085,0
93979,932,911,79.60536144315988,40.474562667807376,59.248815052747204,30.907639642300595,0
92065,74,74,42.102117643972974,2.793410740429047,32.044701668391895,3.507785566197154,0
91200,1222,1190,21.219208671675368,10.13014234458192,15.395634790554256,7.517092568371089,0
95076,199,198,110.46317212903014,24.278325290968485,85.14873004269346,19.554522721395333,0
95044,379,378,5.108632133620053,0.7303069792564206,3.965700967618206,0.622625351495705,0
95027,66,66,4.8403289775939395,0.6190216210353465,3.703340929042424,0.5436792052638844,0
94761,50,50,3.785412978788,0.3755906970248321,2.819148396036,0.4370380376415171,0
94760,64,64,2.471800509221875,0.4364382363445383,1.7232753379203125,0.4571354779942649,0
94681,40,38,31.871993811627497,20.13652830770368,24.540032735355,15.843308707099641,0
94680,35,34,34.709768043400004,20.03035526278272,25.944489611505713,15.241155860994052,0
94660,320,312,61.05463089147188,9.141967678316567,45.191112162278124,8.416670775213987,0
94644,43,43,60.641293703906975,8.816439083704616,46.41558267786046,7.616221419385197,0
94626,33,33,80.17656350272728,18.831247704266087,63.443010679,14.825801256400027,0
94625,43,43,57.47955825244186,14.65655469562172,44.82592153432558,11.884645366244065,0
90947,69,69,121.1826396789855,7.72478327803577,96.13382296121739,6.289130844795215,0
29105,35,35,66.82958042202858,24.61370817896801,51.55812012771429,19.170864959555658,0
28730,38,38,2323.0048388638156,3588.052033054022,1848.226979054921,2857.4184926941025,0
28470,164,164,212.19468006018295,23.727203221944904,163.41862930280487,20.83845791612987,0
28313,52,52,321.51127727115386,239.53583671038743,255.72107447863462,190.3079042133979,0
90912,195,191,73.64314782194359,14.478507704352792,56.64961027276924,11.46110883021675,0
90901,132,132,40.720349191969696,4.23596761881379,31.91508934166667,3.4052265276934777,0
90869,63,63,237.05517639460317,56.5833218100079,188.2945454673016,45.33717362258022,0
90847,232,226,91.86221799228016,13.66009519953459,69.56698267120258,12.402536919996848,0
90846,115,109,83.89748442049566,13.00134902790968,63.55022420308696,11.539672297007042,0
90839,182,178,108.15966637512086,18.502683420705182,81.90467242302746,16.51124507008792,0
95144,50,50,16.44988360824,2.0218239627090466,12.399358987860001,2.0647325616366796,0
22610,86,86,709.0064272368604,251.99248714308348,565.6501793425349,201.06278019635073,0
22600,260,260,841.2654875884039,357.4668272866932,671.1158010893078,285.09259893939895,0
22552,568,568,272.59016593331165,157.02632478370842,217.690002878206,125.42534790726145,0
22515,114,112,1305.3086161128947,1339.8043245971019,1041.395256686842,1068.8604011119778,0
22514,377,370,2466.0530034604244,2523.114565015322,1964.9139604520158,2013.1501350597368,0
22513,304,301,2249.892751299901,2428.3072659356208,1793.2692682938814,1937.0435541315164,0
22310,97,90,309.9411622727835,35.25456328499389,242.79418158659794,28.674000298005097,0
22214,251,251,583.5091588586375,328.78622089394014,465.80691811884856,262.58983223798253,0
21235,79,79,673.7912017751898,654.9030174874395,536.183443723924,520.8993304926339,0
29425,98,98,73.52067248598979,10.137832474174715,56.07679300665306,8.27454577120169,0
29280,39,39,29.186318870307694,5.207227315281842,22.21274655497436,4.217301266860666,0
29240,93,93,29.55895114233226,5.698612583515719,23.120062607858067,4.48512071586574,0
29200,66,66,26.796919130863635,9.041071609396445,20.924691729898484,7.133139625234117,0
29130,100,99,38.01142368428,8.169279179493314,28.70165236066,6.5927507417259115,0
95724,81,80,313.6597774893827,14.964025037514643,249.04433370012347,12.287760471296354,0
95723,41,41,250.15545801463415,15.718376659708733,198.1968797580488,14.246201590467559,0
95721,54,52,213.53733122537037,18.26287812173036,166.5149494222222,17.120408358831476,0
95717,116,116,103.5409050940431,7.086966442929727,81.55385957423276,6.276118705074582,0
95715,108,108,946.9552737298147,106.17075697687382,754.3015891868519,85.57633170087627,0
95714,37,37,239.17871507783786,38.05191934553601,190.44283493675675,30.407661386276633,0
95708,102,102,209.99070971911766,65.00270001885735,165.9514833854902,51.49081178226673,0
95250,602,602,149.01169122278904,18.877984085537456,113.43936695484052,16.87654271139113,0
95249,300,300,61.557505959796664,7.06278804885941,47.34973494595333,6.311548977714998,0
95180,48,48,134.04805778479167,11.71382124489841,104.567670447875,9.111774437596939,0
90913,108,104,30.18066082649074,4.442871587184889,23.40009937597222,3.672544080713017,0
89190,31,31,5.628772031312903,0.07902985692759269,5.628772031312903,0.07902985692759269,0
89060,362,361,12.823512727170717,5.175465509296306,10.622661119280387,3.2391289333018665,0
88368,221,195,56.116026088819005,34.547043905756155,44.51927268769683,27.425783093760227,0
88367,41,35,46.94670868104878,28.927685734677684,37.26205138802439,23.127407742519207,0
95925,80,80,105.31345139535001,82.9946426073808,82.9794100826375,65.44793153445283,0
95924,296,295,144.57940379893245,28.127661572929508,112.74514719703379,23.006148024569526,0
95921,743,742,86.04426611452625,11.04845195048667,65.8661808679031,10.081444176800495,0
95907,98,98,64.79488838008163,18.519464569519407,50.37297159415306,13.927754433437173,0
95874,1176,1136,53.183126857953226,28.796551524773744,41.69259045828223,23.058456163619315,0
95873,61,58,50.55694427365574,26.60773020438451,39.84550626162295,21.3460124372523,0
95865,70,70,81.1053856948,4.72421107457069,64.59616476995714,3.8190073576459698,0
90714,491,491,28.743160244087576,0.7146010483108803,20.741213789389004,2.0478649080906592,0
29822,117,117,384.44964628342734,342.3691558002514,305.82560065124875,272.9487891909387,0
29530,118,118,28.894022688974577,5.722810293166355,22.522294476711867,4.560414173671882,0
29520,64,64,33.415791605,6.96490184488442,26.1260010170625,5.570358411361458,0
29445,32,32,103.10128654075,17.355734209850137,80.63182826428125,13.156620360273235,0
29876,117,117,584.8093281947009,186.67331307787393,464.86302641794873,148.60694503803842,0
88291,255,214,32.79439270194118,2.1372817943727522,25.913594151450983,1.8368257282107596,0
95977,91,89,49.88555775112088,4.3453521475576515,37.37918161887912,4.657098368545425,0
95971,251,248,43.1703049750996,5.650769414433777,32.876684622007964,4.762401492880835,0
95940,32,32,33.81067519696875,1.9314764536235287,26.92411744328125,1.5942974832434713,0
95937,154,153,48.211845041162334,27.95074825341822,38.084132815370126,22.062564506060053,0
95926,59,59,123.64854926464407,66.56700620873926,97.61749215737288,52.844456643159134,0
88356,48,47,191.0703682389583,49.782916595543654,152.18243654431248,39.723166469911696,0
88346,750,699,69.77379196368666,51.247903457202504,54.921741991792,40.35250778544818,0
88332,619,597,36.35218379549596,10.986390222955734,28.913571100957995,8.769466654932613,0
88325,134,133,146.03041208059702,11.42029686520406,115.22318578813433,9.410370779899486,0
88314,77,74,53.69700632684415,33.66103817924644,42.77497540872727,26.781746275664712,0
30469,85,84,2277.3380597985883,614.0830684684829,1814.6415615617884,489.69248920681855,0
30465,38,38,1417.1792019642105,768.2693311004108,1129.4663832944736,611.9087988514093,0
90682,1898,1897,63.70033112561275,11.811457845720225,63.70033112561275,11.811457845720225,0
90472,153,153,14.11998178696732,1.3777728766367405,9.757267763232681,1.8252669852196135,0
31253,30,30,864.5433561773333,283.6916702095951,687.0565524176667,225.3030362061873,0
31233,31,31,352.24718751193546,67.29824620188785,273.42777620558064,51.92951549593497,0
30802,76,74,181.43500812121053,82.60061815897174,143.05583950451316,65.70658175461831,0
96004,36,36,108.04016715886111,6.3458056062161265,82.57424031583334,7.287924321264546,0
95991,87,87,83.29612090986207,31.05040845084776,62.97764372701149,23.954809659784857,0
21085,44,44,599.8465932588637,134.10118041901072,473.77817647886366,106.67301173925057,0
20939,363,363,61.55783079640827,19.91532782950287,49.12004555517163,15.88767840141028,0
20937,179,179,123.1849283837877,66.53970875638811,98.31611619396648,53.11427122541787,0
88188,807,768,61.3587301226456,3.706150096875331,48.08993670590087,3.407995092964458,0
88187,434,407,34.88319852153457,1.863294236644497,27.102429816953915,1.901791277705574,0
88185,618,618,24.024742364453076,3.2519500749652384,19.082243184597086,2.6026720284712943,0
88161,65,65,29.429375700830768,14.566357886843143,23.23264871093846,10.992462052875165,0
88160,67,66,36.19535008992538,19.22510423302612,28.446653224,14.862629883576208,0
88121,105,104,243.15872094398094,188.95371196895897,192.50836263965715,149.92838979927856,0
88120,239,232,355.7658563517615,265.2035716164686,281.61328543648534,210.49059547807755,0
29880,878,878,901.6049814391982,481.0952616922327,714.323236060131,382.80194870461503,0
87276,62,62,15.496061826419355,0.4350051400782935,15.496061826419355,0.4350051400782935,0
87207,60,60,9.044007035925,5.325235909164027,7.997653100058333,3.589976659721067,0
20527,113,113,78.19895676579645,11.159670126317957,58.39235552224778,10.227553696975196,0
19499,36,36,255.41842883066667,174.90509825561736,202.50246981830554,138.7016999102337,0
19380,35,35,1116.4461667854284,391.5984242679329,886.5763138682856,312.86945705630825,0
87484,35,35,34.20682441134286,0.5358668291210508,33.98266194637143,1.2497009613960712,0
31623,84,84,25.10843965567024,37.03601370585311,19.503066770091667,28.875104960324556,0
31615,78,77,131.98364049910256,28.648017343583852,102.71131451625641,22.135843243935074,0
31505,69,69,80.80167815686956,20.366935651672616,60.63417257153623,15.638260108094878,0
31296,64,64,1839.679348344375,844.4881443960143,1464.7782779253125,672.8298579339453,0
31295,285,283,2003.4614067105756,632.5287444147214,1597.1279821172736,504.48072400928686,0
31259,70,70,761.8886743047143,248.32818930374032,606.1928360057142,198.49319738507393,0
31257,39,39,822.0922253002565,275.74192627533023,655.3959102161539,219.25472155352944,0
31256,119,119,362.3732523522689,276.3433338183861,288.4575462376135,220.4104817421551,0
31255,45,45,502.26030954666663,466.8897314333482,399.9616894253333,372.18984869600456,0
31254,91,90,496.51499491406594,351.51253871777334,395.83742659450553,280.27474121305374,0
86701,51,51,8.71,0.0,8.71,0.0,0
96416,117,117,128.96287729246154,16.44791005305621,102.59702044182052,13.249001853082214,0
96377,414,414,18.262811981475846,1.6983270118211835,14.45364522669082,1.3877886601202116,0
96165,53,52,4.115047752384906,0.32183397020609955,3.0996302127433966,0.30104734547717743,0
96164,54,53,8.884840475614816,0.6995534840894235,6.677134063214815,0.7194056826368002,0
96161,38,38,2.436506395831579,0.4277108845138795,1.7943604841421052,0.32661462632612864,0
96160,1739,1737,2.4704951787977576,0.5563400308060729,1.752854200389362,0.4547658080833065,0
96159,109,105,20.18544413642202,2.413471337918704,15.459303606,2.1008484030845094,0
96156,302,295,85.07681142808609,9.162389607373953,64.94435193377484,9.634392093704589,0
96146,63,63,2.2462069086587304,0.30101733275033876,1.639934208963492,0.3191106402397556,0
86778,49,49,14.095273096367345,0.07042374536730435,14.095273096367345,0.07042374536730435,0
32550,101,101,210.7599895037624,16.180831394389322,167.34081821267327,13.044295722828883,0
31645,658,652,99.88472570126443,38.38237230920987,79.35595911784651,30.56292255770855,0
31632,87,87,48.831459265758625,3.2656672362496555,38.934217244735635,2.6980320742175548,0
31626,80,80,115.61715391611251,25.447443289985905,91.66822803245,20.231655793816138,0
87118,36,36,14.299568555138888,0.11870126911074487,14.299568555138888,0.11870126911074487,0
85670,71,71,5.639449889870423,0.03011208624371715,5.639449889870423,0.03011208624371715,0
85576,121,119,19.933862040933057,3.6445519411050697,17.69013809452231,5.3257073824704895,0
85378,40,40,9.458298319555,0.1587838805402146,9.458298319555,0.1587838805402146,0
97034,34,34,10.609085870805883,0.6906628506274171,8.194332498288235,0.6757194124405018,0
97026,102,102,4.799367381408824,0.7483023446560898,3.7050435303754905,0.6003716905696757,0
96921,41,41,182.819759167561,18.427820190049733,142.67250505073173,15.516775620156858,0
96920,100,100,157.67252137177,21.59486740677504,123.40911670076999,17.300698113946204,0
96900,433,433,24.478236235418013,3.4571078761361282,18.26821427613857,2.934194016089868,0
96417,3014,3014,63.78347009784804,6.592453599661192,50.70533555608129,5.332633596047902,0
86079,69,67,49.52127845224638,2.8809770107347625,39.19852882862319,2.269733077713833,0
86078,150,150,49.823141306673335,3.1502049663343956,39.404169160546665,2.6683756508536844,0
86305,32,32,20.39,0.0,20.39,0.0,0
86320,80,76,23.9256184072125,5.9550559113672445,22.0202001951875,8.064744134171598,0
86580,139,139,9.906649253268345,1.311947725839955,6.873350488432374,1.4798454379611485,0
86628,42,42,11.586810833861904,0.49430139661555506,11.586810833861904,0.49430139661555506,0
86702,45,45,13.25,0.0,13.25,0.0,0
33427,68,68,1960.9739340019116,735.5860973475009,1565.5909862455883,587.7824429885377,0
19342,44,44,1246.4494496331818,727.0552601258067,991.4191151620454,580.2898258571752,0
19318,43,43,1225.6687459227908,553.950657348989,975.9043983951162,440.3530342986256,0
19285,606,602,130.9659605606188,114.70623434071108,102.96697409527557,90.86085069110129,0
19283,54,54,128.29122147222222,61.35536052284305,100.31192031383334,48.161238399760435,0
19085,65,65,527.5927975078462,336.2535219266806,417.6519321170769,267.2609838367036,0
19084,56,56,234.79192813164286,168.17680439896506,187.3357264171964,134.21384418905868,0
85250,31,31,18.650485045451614,0.03228193893754531,18.650485045451614,0.03228193893754531,0
85041,60,60,2.9440542750133334,0.03999773945724415,2.9440542750133334,0.03999773945724415,0
33259,52,52,748.7175949736538,194.03860537265447,598.1534114563461,154.8840158560458,0
33257,46,46,461.03543288643476,193.54617412470884,368.37591105834787,154.62303879767944,0
33229,43,43,1878.0956875455815,3863.3029625697654,1492.2956353039535,3078.4112570976667,0
32669,60,60,1152.6796108570002,450.09368501514746,919.6244157751667,359.4847659475297,0
32666,200,200,727.0330240429249,239.84496838709367,579.67874397331,191.1626581437674,0
32663,354,353,1140.2366733862993,471.3221441768242,909.2114319350565,376.5405307911217,0
32652,44,44,1504.656641859773,452.7713903113946,1200.2777648768183,361.90921928058344,0
33519,332,332,399.97080913761147,192.02762360276637,319.5788770254548,153.45542944681435,0
17260,306,306,73.878971464366,12.959612552880229,54.88748588200654,10.244773699817605,0
97802,1305,1298,30.99527629299004,2.4477009194238515,30.99527629299004,2.4477009194238515,0
97763,424,424,49.979648654587265,6.026045822582479,38.42360872088208,5.263182414377325,0
97760,835,834,42.44429864731617,6.312606973650369,32.45412512722515,5.192959244300278,0
97607,69,69,91.85319128797101,139.8866936373502,73.34599713276812,111.78806436958335,0
97605,155,154,25.56686167793548,5.180262035724241,20.36153202635484,4.134873908754701,0
97542,298,298,24.74772218386913,2.11034370312866,18.76424372082852,2.146991893304169,0
97533,120,120,54.44132431811667,9.166733600317206,42.585548463725,7.571953179260015,0
33419,40,40,341.42204430775,86.07041830425315,272.82718320600003,68.92377015357532,0
33405,406,406,1482.8499361918473,689.1469708594328,1183.8250127547044,550.4279961678977,0
33362,40,40,775.86661994875,60.34077957111511,617.5075229375,48.60824255164559,0
33289,34,34,331.9253784847059,37.70597554146285,259.4508604479411,28.453917971765947,0
33268,350,350,94.26674375962286,47.315471391822925,75.25555087776857,37.782686052880855,0
33464,31,31,1589.3811420525806,494.1535886839405,1270.0569273961291,395.5742352424382,0
33430,135,135,2328.3302623062223,793.4992261624407,1858.8934395652593,633.9055046677007,0
84181,31,31,17.189313846935487,0.9058358254445764,16.02867447432258,1.2034029742976384,0
97813,281,280,46.0051009585089,5.388942929153196,35.62614613175445,4.676768636120319,0
97811,301,300,29.254233652594685,2.5335161149345145,22.70201530981395,2.3293631261130967,0
97810,364,363,38.83465802610714,3.572659864272097,29.90668468206044,3.3038597801669374,0
17283,116,115,222.5006281660345,33.67462925218656,169.39267595831896,27.710146540054623,0
17273,152,151,187.15966015322368,29.253359075038542,144.0727435323158,23.397031953703006,0
17264,56,56,184.83249710392857,31.36706742772888,141.4451986658036,25.490177286540042,0
84311,72,72,7.928038705311112,0.03487615462536299,7.928038705311112,0.03487615462536299,0
36200,111,110,195.45966790092794,126.48767973324507,154.51152392456754,100.71920990145811,0
36140,173,164,160.66171565965317,130.57369993471215,127.81248517675722,103.88063117735665,0
36012,94,93,459.40091351646805,281.5389542974886,365.38496522917023,223.55848274816043,0
36011,54,52,321.2658459596482,249.48049048792518,255.2946823291111,197.8457664315192,0
36010,119,114,243.72279335566387,163.0521576080463,194.18339046456302,130.14980963787087,0
34705,110,110,1204.182127886182,355.8099613084073,960.1257819491818,284.10983965380836,0
33534,106,106,1714.3114139452832,689.6342919150209,1369.2344880410378,551.2684659411377,0
33530,40,40,491.3261218039,105.06709198878276,392.681923210675,83.88017182506191,0
82978,30,30,15.100042831966668,0.11711649860425784,15.100042831966668,0.11711649860425784,0
15822,31,31,603.712776023871,172.2234664596518,475.5134614270968,137.84295559997423,0
15777,37,37,246.67286868729727,39.695737086942195,196.53594429108108,32.205768235402445,0
15757,31,31,1913.2954486193548,453.1329880116902,1527.656546432258,361.53755603097363,0
15738,39,39,960.0104612130768,396.2067432791859,766.2541284092564,315.89407395193354,0
15734,237,237,1047.4322670473418,370.43714020058457,835.5435478993165,295.36620654363975,0
15733,68,67,929.3380519567647,322.0963405438253,738.5077731654411,255.9866723614466,0
98968,95,93,30.20483575925263,3.569303168924545,21.782720288242107,3.6809133868134403,0
98967,108,106,21.67979553349074,2.338593652535949,15.234719057227778,3.115493461190347,0
36430,94,94,39.20250752787234,4.127437788242147,30.986287130340425,3.5178167095723945,0
36252,40,38,537.12668420625,339.49971651419236,427.9956536635,271.1919555063847,0
36245,225,221,302.68848860617777,297.89311990918685,240.86242007352,237.56737181615946,0
36217,31,31,251.43900885967741,223.04907188161715,200.5321225367742,177.28829027861607,0
36215,321,292,349.770277417243,236.68471327107014,278.72554233948284,188.74890724672022,0
83518,39,39,9.393679316725642,0.14722118474186574,9.393679316725642,0.14722118474186574,0
33517,295,295,149.19566570373897,59.34299523591687,119.15236724737967,47.41077340159355,0
36593,72,72,32.74043241618055,3.1460157601105423,25.388215893722222,2.7182682653704617,0
36592,31,31,29.075540376516127,3.4186287136952562,21.54984359067742,3.2272693903900667,0
99234,269,269,97.17776256258364,8.176257087931207,74.73280124252044,8.435308309962798,0
99156,52,50,74.10873791303847,6.377842414967061,57.56715924551923,5.491253961173819,0
17108,36,35,634.5624092722222,62.91089905672403,493.8983036202778,52.18216788565637,0
16020,43,43,67.66872647306977,18.715595444984082,51.08005072555814,13.816321174196005,0
15853,88,88,10.341734948951135,1.7430746171599647,8.179283980476136,1.3990776665016256,0
36500,48,44,90.72913029522915,9.976646686359507,72.49897141527083,7.977471579172306,0
36483,33,33,130.1041723629697,18.530728315884048,103.76886784133333,14.707934647749209,0
36482,711,709,1628.0195410609326,388.65128093485646,1292.9640657548257,309.33825104579955,0
36479,48,48,298.765903911875,22.950943917369013,238.33210304333332,18.387449112001867,0
36478,438,437,925.4632403591553,248.61835373632812,731.2617076171462,198.3643599769511,0
36476,72,72,269.1650782593056,51.34493056329154,214.77645363547222,41.143344009109455,0
36470,168,168,102.85121107242858,31.48221846667571,79.54911820842261,24.65319470685684,0
83050,30,30,8.009260595793332,0.06910336932566424,8.009260595793332,0.06910336932566424,0
83020,234,232,15.994847143346155,2.5033988331582235,13.010381381435897,1.0333080739053075,0
37220,56,55,1183.909990968393,654.0597042641673,944.4138350176785,522.9582941372347,0
36909,43,43,1403.499490272093,914.5232872891139,1119.2240075883722,728.7014752778696,0
36908,30,30,924.51713593,693.4745427397507,736.4480706536667,553.0922947220294,0
36906,156,154,4921.827072972052,4276.004156215337,3919.619862495321,3406.5496809487945,0
36903,294,288,3417.9477922711226,2660.949360444765,2719.9302189802384,2118.7464952513983,0
99341,931,931,46.75633568794629,3.6642316619457063,34.61981569614608,4.201014484285871,0
15576,63,63,643.7194384347619,173.43028742712406,508.2760887795238,137.335127895484,0
15574,37,35,591.1652620240541,197.95925142504205,468.75615655621624,157.85133107067057,0
15274,46,46,51.962733766,14.340510310204502,41.36838153756521,11.366647261599864,0
15273,43,43,155.54641962793022,38.601246504600994,123.87642134913953,30.673511153096733,0
15100,99,99,616.6778633826262,146.7059826057493,491.2916721228283,116.37452792658023,0
15003,84,84,39.59007697498095,13.583690741745613,31.57087327300357,10.834121851187385,0
36901,803,781,382.66957120292653,250.70589507792954,300.2081988142366,197.4939097333591,0
36800,62,62,115.68041097374193,11.348873348172726,92.07613499519356,9.036057608924557,0
36600,95,95,24.66990437689474,5.6257095752912765,18.924506579493684,4.4391727883479515,0
36595,46,46,169.34546614136957,117.2112137843095,134.59430565002174,92.83587597099906,0
37229,616,603,7157.903633899443,3065.3084090199127,5707.619763529535,2444.9569247574755,0
37228,423,420,1132.9770498327186,1155.9190558829318,902.9375466590544,922.046618244011,0
37227,368,363,9583.898891261631,4085.885012160207,7644.284357741169,3261.2362224502617,0
80180,41,41,17.59890119782927,0.22542953980404612,17.59890119782927,0.22542953980404612,0
14001,152,152,605.0496037042105,230.61904003522784,480.0697775739474,182.4982591432288,0
14000,100,99,545.451410544,179.42498519668595,430.89184949360003,141.66689491881203,0
13160,79,78,681.9197023968355,140.1653357008319,543.5936162155697,111.75125737745279,0
37249,34,32,422.85629397176467,148.62412568353696,337.33912127588235,118.61704033659878,0
37246,52,49,1399.339670096923,760.3340917493122,1113.917691245,605.4822284385632,0
37242,55,55,4210.908653298728,3057.1450909548694,3352.1020686403635,2435.9313243620322,0
37239,33,33,1422.307954350303,694.7868928132458,1136.019337430303,555.0360980057701,0
37238,133,130,2767.8626096261655,1698.497445552594,2206.8428774946615,1354.4799537415493,0
37232,104,102,641.1308902109615,312.2241376478576,511.4179259564423,248.99176775387036,0
80504,59,58,47.739763100050844,3.2478941936681363,36.443710164322034,3.6303861785086102,0
80503,243,221,22.77846392408642,2.3721488815839926,17.335050970060493,1.874706909368136,0
81450,49,48,738.4579568904082,12.519719724283036,738.4579568904082,12.519719724283036,0
78709,66,65,123.28222232731818,111.54280091278414,96.62252739739394,88.46102494925768,0
78708,357,349,78.71812695208124,47.13995430467182,60.851060955114846,37.235682566571185,0
78608,315,300,737.3975305262412,742.6523620035042,585.2294313225492,591.6254681986173,0
78472,124,124,115.47580380129838,80.20043122307759,88.82979678228226,61.364145156972505,0
78454,99,99,63.757874012656565,2.6345794788746364,48.043655628868684,3.732846887565523,0
78434,1026,1017,103.53902834666277,71.48465361021722,82.39121019131092,57.29763389582975,0
99473,84,84,13.241858171142857,1.65944986799588,9.683492984204761,1.9055619273273081,0
99452,151,123,29.38552172960927,2.835440221150626,23.14953695105298,2.2386267820700816,0
99449,95,94,71.39077094604211,4.729875033037262,54.76201556594737,5.399238133002284,0
99448,125,118,52.327405272872,5.710589995513053,40.017002414216,4.564791411281206,0
99447,207,204,35.457967997241546,2.8245335559775935,26.544035668826087,3.614552222689795,0
99446,129,129,17.405131976341085,1.566586112801209,13.130177200270543,1.6495611080144899,0
99427,409,408,45.344121144537894,3.939883995273431,35.517494546689484,3.579591463933489,0
99423,223,221,44.662285090865474,4.879862431201194,33.03232312473543,4.939032584719436,0
99415,42,42,19.403076475333336,2.1234355795609354,14.901080922261905,2.0493721355619616,0
80145,32,32,37.8,0.0,37.8,0.0,0
78071,120,118,140.3080018884,125.32733157443168,106.93006015235832,97.28868266746731,0
78070,104,104,74.65632903761538,88.27784564325299,56.55185464116346,67.9450878655178,0
78014,114,114,62.34823100961403,81.93478914561048,47.15689786197369,62.71615902465656,0
77772,44,44,386.5461127925,219.27975433514385,307.73968466227274,175.90286914859036,0
77771,43,43,400.9765628130233,190.84197457103372,319.71846772348835,152.05479252723737,0
77600,35,35,553.6455979337143,40.18421091976485,441.1121227945714,32.13962221702693,0
77523,111,111,1099.408272729189,88.50588721421951,875.7485982480181,70.64320661876266,0
77431,38,38,107.75430139999999,5.714730036945092,85.78831119360525,4.582401278394768,0
99492,235,232,135.5399227931617,19.04029636974355,105.66527396610638,16.15158568664001,0
13100,53,53,323.4443987666038,48.125808458652536,250.590791774717,39.13911037241182,0
12054,33,33,176.6784100257576,54.170199915737356,141.159556817,43.20618551682286,0
12053,384,382,186.84352607967446,53.39867796260055,148.22130204717448,41.838004223196805,0
12041,170,170,183.0011422682941,58.4096936582676,142.2392062932706,43.85321514984777,0
78814,87,87,765.0740185357356,785.7051783580342,609.5621332480459,626.6600958158073,0
78812,138,116,323.93595674059424,516.69045328404,256.09038264557245,412.27021432095324,0
78800,88,88,102.03534662169318,97.48085348707338,76.85331771336364,73.67905261381495,0
38570,230,230,219.26035337113044,92.32949912607891,174.77173114062174,73.64642419496948,0
38500,57,57,354.55466205245614,434.32844248109325,282.51231037605265,345.8406706710319,0
37766,114,112,370.1056684188597,114.36611593339313,290.5256015522807,88.84655202014973,0
37765,147,145,285.5649629657143,89.69837828218351,224.70352336117685,70.67140584555942,0
37609,36,36,309.9451987075,148.57481808158278,244.0202269563611,119.80256275311892,0
37607,65,65,471.0633168267692,367.0363587657913,373.3028007035384,290.9958754107278,0
77417,345,345,13.809611302214494,1.5829387959135084,10.988951148850434,1.2672716499640073,0
A0430,92,92,5041.171689094565,426.29314761178637,4012.912701179348,339.8813359009699,0
12013,44,43,59.78439243743182,8.317042587750956,47.28727095536363,7.374478009224096,0
12002,254,254,61.8395269483937,20.771242308563803,47.72394505976378,15.861044841499089,0
12001,362,362,60.75693386074862,26.283268499301876,45.42635688814917,18.784887008946455,0
11740,154,143,46.5371833652987,11.53279942036535,35.10031446158442,8.844399909958295,0
99494,161,159,52.75484002429814,6.639472303085984,41.84303959254658,5.3454835810219885,0
99493,334,329,128.42643546372156,15.538048924451239,100.6664091712964,13.31680089341679,0
78431,1388,1377,1186.6472970809705,1122.0438205727194,945.1507253023832,896.4222535768323,0
78278,116,116,46.58137415317241,2.030406586150764,36.36746368444828,1.9489239000690834,0
77078,181,177,42.411063096276244,41.30072321954278,42.411063096276244,41.30072321954278,0
77077,512,487,32.31953038087051,13.902216369150004,23.75549636403906,10.50845291572834,0
77071,120,120,54.7540851664,5.165940874633921,42.20402667293333,5.237684488167353,0
77013,107,107,182.07414163672897,9.708907872791762,145.38203354943926,7.902808290273018,0
77011,103,103,170.06234774085436,73.22234005147435,130.79859584671843,56.438777576996806,0
A9561,44,44,48.14137070147728,11.718448133764278,38.189082333227276,9.491271380074629,0
A9560,42,42,127.98811377909524,57.022329302625124,101.70354276047618,45.66803439341511,0
A9552,2410,2410,302.7834143177506,160.28489125279418,240.98923670758214,127.82718171983454,0
A9540,32,32,108.7436081046875,91.15125196819734,86.70935130646875,72.44966869035812,0
A4561,53,53,26.349478627528303,0.6729542293170289,19.794185906830187,1.6955490406847125,0
A2001,37,37,1002.1853978478377,28.653033485939545,798.4858888437838,23.029850365079813,0
A0435,92,92,14.265542033619566,1.1378308401408719,11.36621860961413,0.9066781898725982,0
77318,70,69,298.3596825268429,162.59250983339865,236.71076057945714,130.30319138653962,0
77316,44,44,125.19063782470454,75.96294976903297,99.76923711540908,60.6104304719507,0
77092,343,278,9.70310141414548,0.5811628234428358,6.860704317842566,0.8469590953844028,0
77091,48,48,26.80525265864583,1.3647537857050376,18.237096742958332,2.1603518767442877,0
40812,56,55,216.91802813839286,67.32376969187128,166.83069283160714,48.33120893448042,0
40808,50,50,128.28240599756,35.83147897512972,97.68038397466,27.270251239660176,0
38746,30,30,184.92063313433334,60.71542316163606,147.6902345997,48.48454204694096,0
38724,251,251,1264.4594720448606,329.6540269693978,1008.9476740411155,262.77691142231623,0
76982,103,99,57.81048916386408,29.40211118997862,43.08039087415534,22.99662216593377,0
76883,40,38,66.590539939175,8.604313085984009,52.348681230825,7.650260363308605,0
76873,95,94,134.57690617161055,53.009215318361214,104.46622719295789,41.150921346906365,0
11646,45,45,450.3768701031111,187.14961800502138,355.51654932555556,149.42704412851126,0
11644,68,68,274.9999080129412,105.03629015287589,215.7997775314706,83.71483781160312,0
11626,45,45,279.5500539251111,182.16872999398024,221.81389786311112,145.20288582019447,0
11624,47,47,247.90096143468088,114.89226303496959,195.66101574655318,91.8789556790964,0
11621,52,52,158.11350123326923,49.44526227839116,121.46186520234616,37.937904055422,0
A9578,44,44,1.7883004731386365,0.01750307777652763,1.41920254785,0.021482220906529285,0
A9573,62,62,6.328921616275807,3.8030438587295112,5.044657497490323,3.0313973197971227,0
77089,348,348,39.83887618036207,3.6740506304739586,28.057577539761496,4.177887639393692,0
77085,1376,1286,37.69875047218459,18.222388949044138,37.42429996882478,18.584063670342733,0
43775,75,75,697.8790998732,347.7397817485275,555.2965948390533,277.2995027197341,0
43762,188,179,135.11329075706914,105.08688477232863,105.3113774375266,82.26808349614565,0
43277,79,79,260.3215968756962,81.24248099459564,205.85520395344304,64.13324003070562,0
43273,113,113,118.19326093017699,8.145408100548442,94.44857862031859,6.542082778698885,0
43266,50,50,176.5622072816,30.50675168113828,139.73697283788,24.650772680396525,0
G0141,32,32,22.82814722221875,1.5533140797979115,22.82814722221875,1.5533140797979115,0
G0109,138,138,15.31326902994203,0.9507970238719426,11.373741688532608,1.1571709674037374,0
C9600,62,62,5913.365122566129,325.70008605184086,4710.176989558065,260.0458205857926,0
A9607,44,44,248.45398978295455,26.001568446347598,197.94346156909089,20.719449542188087,0
A9587,77,77,114.2915056716896,83.06984641308523,91.04148592190259,66.19371744625923,0
43252,65,65,585.9190056899846,697.8198028327795,467.1600096733692,558.253749406665,0
76519,1255,1228,53.6953879072239,15.714302664847045,39.12153698121012,12.280285530158833,0
76513,139,138,87.67144938025899,38.63346300151432,65.58815973128777,29.942027084726405,0
76510,105,105,64.06441948808572,13.71003601648351,47.76818608717143,11.233265959418384,0
76499,38,38,57.15654590731578,63.17421786041812,44.73548388768421,50.799377381543906,0
42415,32,32,880.094767890625,373.61608397693516,698.677405016875,297.78539760935234,0
76100,68,68,74.83774693385294,27.615816502376894,56.39253791152941,21.552033120424735,0
76080,227,227,24.944027790220265,1.711885027951611,19.624937337603523,1.5019959253367727,0
75827,62,59,86.60086905495162,32.353000251489746,68.40396744501612,25.588202318069,0
75822,157,154,108.86354396866878,31.89159550882391,86.42503790028024,25.820732770755708,0
75736,48,43,84.398695602125,47.02296969568504,67.36729771597916,37.508006468996896,0
G0289,39,39,80.32496054364103,20.783541344265725,64.11527418523077,16.60135454322167,0
G0278,31,31,13.328625848903226,0.9315634853146116,10.633575976225806,0.7468220765529833,0
G0277,69,69,172.27733128652173,20.497874370762442,137.21317387739128,16.302543372119562,0
G0247,60,60,72.94462958288334,19.13620840266521,52.237332572250004,14.510024983187757,0
G0239,30,30,14.129165813666667,1.472288381806141,10.892159021256667,1.1546905106567789,0
G0237,31,31,10.632303129832259,1.326166677566027,8.3372834155,1.0074427787861364,0
G0168,55,55,68.62294909123636,53.56545979953483,52.879019583072726,41.007944383129725,0
G0166,62,62,107.42119116103225,12.043440514702564,84.65846343403227,9.757122194216775,0
44207,139,139,1491.970796886259,591.951602417619,1190.4559682668346,473.25861601184937,0
44204,60,60,1419.4173986915,425.6361988269019,1130.1516345631667,339.2844514311758,0
43999,45,44,257.4526612270444,246.24391935329768,202.55215664413336,198.53297011221346,0
G0340,122,122,2189.2354480213116,667.1967231842741,1745.767909859836,534.2233568478214,0
G0339,94,94,2773.8450999595743,1085.0016120916182,2211.9014292994684,866.9855692169306,0
11443,31,31,153.0257958093871,51.91727177589597,119.4249062657742,39.54122695096172,0
11423,43,43,147.92144934944187,44.64044742079305,112.90616072586046,36.65938911720915,0
11421,110,109,136.1640419411909,34.60847411819388,103.05636556255455,26.56602290397609,0
11420,87,87,116.89644033771265,20.556642384538684,87.57572981314942,16.97359578291038,0
11400,84,84,102.71176985426192,24.33096939180572,77.53947940392857,18.890814612745114,0
11313,49,49,168.93899137163265,26.986957317417286,127.51206512334694,22.51831808607847,0
11312,531,526,138.97818383737663,26.831150169118935,103.7081451482147,21.932131113494165,0
45398,57,57,392.00009299205266,236.447977293732,313.70677100405265,189.69233219587753,0
44500,57,57,16.967288804438596,1.669122200516859,13.358830654666667,1.321981129876677,0
44361,96,96,268.72511976365627,285.5198683988699,214.1029152316146,228.3386522288483,0
74455,151,148,65.81981975044701,47.103118146797975,52.314839158637085,37.633746626273904,0
74430,96,95,24.920974365845833,12.849334916470653,19.640121600778127,10.267349121306749,0
76497,47,43,156.7099665508298,106.82529064991725,122.77469818614892,85.73900542283721,0
76391,103,101,113.24150152866018,58.57400538565951,87.16241119452427,44.250989824241444,0
74328,1253,1251,21.995710579321628,3.3744544586140184,17.49227143689992,2.7282522683421706,0
74261,162,162,159.35796464437038,53.43544255183203,118.52816747607407,41.08200904940244,0
74248,57,57,40.48927638789473,17.201358465214472,31.57047549050877,13.397112700971958,0
74246,791,788,64.78886527044122,41.57434880303618,48.3676024901909,30.403348582520838,0
74185,55,54,215.45822958890912,136.13051223526037,166.02434233823638,104.92662335526362,0
74182,34,34,166.26677420794118,126.82880660635291,127.19842698226472,96.16396492081206,0
74160,1155,1094,105.83860510995585,71.66508801118978,79.37770448830996,54.311165911466915,0
G0422,91,91,123.92529208989012,8.729760593091054,98.25501810513187,7.491179609360873,0
G0420,111,111,98.95881361767567,11.084685273090706,74.39980674132433,10.229896555313703,0
G0408,240,227,99.59099270052916,8.812689680815637,78.76046378025833,7.151633699209951,0
G0405,232,232,8.102964918946983,0.45876143104939815,3.7856967368840517,1.2153440695120046,0
G0404,37,37,6.475467093237838,0.8162578291104129,3.2529312788243243,1.431370355935707,0
G0400,156,155,88.45772672625,53.40063889050182,67.62791227078846,41.930821183089506,0
G0398,97,97,126.41381499403091,72.18255935342272,97.22435707294846,56.88412180532089,0
G0396,397,394,32.51737067288161,3.5916043817551193,23.603379052839546,4.388307458407896,0
G0372,30,26,8.387210088763332,0.7744257479169154,6.34763221041,0.8592093504579464,0
47379,38,38,895.1696700144737,585.4924834643448,714.9591818063158,467.4011233229136,0
47135,39,39,3296.5673630333335,1412.1357265604909,2632.688049005128,1128.7756528962132,0
46930,73,72,167.5337557301507,65.9221978041393,126.71390293834246,48.83284604541864,0
46607,48,47,153.235432157625,48.633369485488736,113.50181185710416,36.02921228754804,0
46601,41,39,121.38074689773171,35.92728771861428,87.63179178965854,27.457492116836065,0
46260,51,51,697.2350740580392,326.7146982282653,551.466808987451,259.45597194704425,0
73722,36,36,237.59412021174998,119.81000218587016,187.02730295869443,95.44248943251615,0
11308,122,122,128.4172758352131,23.460432463476256,96.64869985839344,18.032697973583126,0
11303,169,166,132.02027772914792,29.252092175970073,99.93227367757987,23.490217931887226,0
11107,84,82,68.6436076839881,12.782668870280721,54.005584521809524,10.609942467130248,0
G0427,453,441,179.45803190631347,13.460531765796961,141.0624584275298,12.037940079979673,0
G0426,658,613,125.83893560720821,8.86673609888898,98.24655179409727,8.69899647531866,0
G0423,91,91,124.05682389956044,8.539976366773844,98.68584393693408,7.146905914439358,0
74400,38,38,96.1075114318421,52.68145037596181,73.6334672735,40.665612964598076,0
74360,75,75,26.263180228866666,1.5013757891046928,20.726618276226667,1.3282048393140038,0
74340,55,55,23.030504340763635,2.24196007175358,18.111052645254546,1.7850320476333685,0
49406,435,435,183.09415913650574,14.358382580930904,144.85352402491955,12.033814984607444,0
73223,133,129,237.83045291901504,141.00626922458264,185.37307307030827,110.60391218219257,0
73222,248,245,185.4413711939113,113.3154571305254,143.79984485094758,88.50674492026866,0
73220,139,135,232.485577154777,151.21160967291564,180.8935581406331,118.7966730424891,0
G2010,54,54,11.36748528016852,1.7659460453071985,8.385900301775926,1.6289451610087116,0
G0513,165,165,60.36318815982424,4.4874605922169755,60.36318815982424,4.4874605922169755,0
G0509,76,75,191.98984165552633,12.502292165502654,152.17566023763158,11.036318195266231,0
G0508,293,269,207.4216921582594,11.85539215422893,163.4330747970307,10.697057649530876,0
73580,148,148,120.03174263694595,29.400582179917496,93.9231248929865,23.52930500512469,0
73525,156,154,103.9288681976282,49.34182905946348,82.3359106069936,39.32678330191061,0
73503,741,719,36.60167831888124,21.861324194311532,27.003285156869094,16.28206501525308,0
73501,3727,3610,16.73921247939584,10.849674507290084,12.403907020655781,7.902883877613246,0
74150,528,523,94.4485305548466,40.0369562939035,69.8156304587481,29.76881049415254,0
48150,35,35,3017.468303945714,435.3057203146599,2407.09943868,347.7688655866984,0
47536,66,66,124.80594145893939,10.783289981484147,96.36088006880303,10.074812428521527,0
47490,39,39,347.74583730666666,26.043121188054425,276.85315332358977,20.46397100814574,0
50327,102,102,94.09503663506864,33.39623162569288,75.1637799257451,26.70518373516915,0
G9488,53,53,54.56849712426415,4.471215006591935,38.78875670713208,4.6156076102162675,0
G6017,355,344,78.72324449189296,34.363021383253546,62.62531078742817,27.421140874540075,0
G6014,33,33,228.78378888030304,28.65703826193769,181.9361302451515,22.881754174274054,0
G3003,78,71,27.131161373705126,3.560769714675965,21.53660322148718,2.839503977497024,0
G2252,31,28,24.58890026487097,2.993551576950129,17.573082059612904,3.4550506684323627,0
G2214,124,122,52.190041536911295,6.382437855898574,40.87605353103226,5.513283460728925,0
G2087,144,144,296.10281002305555,36.22271139010251,231.05689466347224,33.75763645909783,0
G2083,45,45,1189.6907815446223,359.2367699992429,945.8716191964888,286.124826120088,0
49592,40,40,772.049061616475,843.7466062947913,611.8598980957,671.8382659221419,0
49507,62,62,683.2568998215162,396.28601463413213,540.8655349652581,316.6737526629822,0
49465,60,60,31.0772834458,2.3271184195995067,24.0041047949,2.4464516831040517,0
49452,61,61,126.90790184163934,8.86439552849401,98.36616011436065,9.215900373036794,0
49450,218,216,172.26246345614678,221.57002128263773,134.34565234320644,173.4007022279226,0
49423,64,64,63.80745338742187,5.883490317989153,49.93486117615625,4.916912445633325,0
49418,33,33,720.3179852418182,605.111495343773,569.3531554444545,481.4581124003996,0
49905,105,105,308.5422259720952,99.96334711797361,246.4953193741238,79.84158466833682,0
73050,54,54,24.273453602537035,6.970069267660669,18.09908122680926,5.137617039029673,0
73040,81,81,106.35639201672839,45.95521726106185,83.90015900666667,36.71344786579116,0
73010,326,324,21.493825648206748,4.6861105584625,16.112317065242333,3.628420369351162,0
73000,466,442,17.017624438585408,10.875042248324633,12.492269540464807,7.936894819588723,0
72190,878,851,23.36428864652164,13.22834241823359,17.52609321546606,9.954472603327446,0
72120,732,711,25.893649318705325,13.808091965053492,19.330391566737706,10.436076050320093,0
72084,233,222,51.178414266716736,36.62782530357448,39.00344907796867,27.96565694353272,0
J0278,42,42,0.8877084404095238,0.028715826346643714,0.6955947212714286,0.03162879299753636,0
10160,253,251,113.48559070488537,26.42557468822201,87.50104312909092,20.230283403636765,0
10120,139,138,134.21347456904317,35.65918987006646,101.87651206438849,27.430654776026714,0
73201,147,147,84.00317133564626,58.083543665480526,64.66059672106803,45.8085910641621,0
51600,257,254,81.52073515835797,61.39611590865365,64.17468058751362,48.463917678817836,0
50545,48,48,1221.5730386064583,349.0463111406092,974.5185387847918,280.777502352626,0
50543,101,101,1262.8151475970296,474.58000825853236,1006.4079352831683,378.6746974009798,0
50360,495,495,1945.5509207349292,710.7607058817181,1553.137123975293,568.2289940662868,0
52260,44,44,332.2092276715909,246.23987435533041,263.6944759435682,196.4736823102813,0
52214,143,139,496.22934133151045,421.8312620840794,391.89668765849655,334.457187637647,0
51990,51,50,297.06205006409806,137.2500693791811,237.1577917260196,109.6720239466554,0
51792,57,57,226.8984353522807,81.02875605035162,176.8994271582456,62.406573118465076,0
J0894,37,37,1.7276561941459458,0.13879766998120618,1.368315557991892,0.11749491084609304,0
J0775,97,97,63.11425482876289,1.9631670603878983,50.76706672224742,1.6157835714034892,0
J0692,55,55,1.232160302409091,0.01604320857208334,0.9768092512145454,0.02417186383429641,0
J0610,35,35,5.026901234005715,0.2232637081471511,3.7947136514399995,0.3316078442845338,0
51736,149,143,9.183725954532214,3.404822787189261,6.727089665836913,2.4127615878442366,0
51726,45,45,219.2310362294,103.01518170850073,170.1694005228,80.94758326609384,0
51725,181,166,167.28198300821546,73.70351987337305,127.18769167163536,56.167797866191144,0
51710,70,69,127.25954862178571,28.18745237807764,97.72822945768571,22.260247899809183,0
51610,46,46,60.35816551363043,31.13004196119627,47.20815969215217,24.61858578688817,0
72081,69,68,27.456085609913043,14.169476109392255,20.51208870857681,11.041877831405593,0
72080,592,576,21.466908261523987,11.317123774343214,16.068916232393583,8.563999700247148,0
72074,98,97,25.37416246730612,15.198666955652579,18.61901931135918,11.188551548268709,0
70546,334,322,152.0514270796078,120.32563513402488,118.00291505893412,94.1739665039536,0
70545,38,36,106.06443000752631,67.3996703091615,83.2565166575,52.53593504386077,0
70543,1619,1478,198.42557061146883,122.08878800282726,154.0752767667943,96.05668617547732,0
70540,54,54,202.8472934549074,78.33684233280898,158.64890127566667,61.369031853769656,0
70492,292,289,153.02598526672944,75.5435644613693,118.16011281083563,58.83569871618961,0
10035,55,55,119.78697973883637,111.00539849139201,93.29076076938182,85.27531752792063,0
10021,86,86,73.19997148602326,22.799304474545167,56.55326523212791,18.091366680136854,0
0715T,105,105,161.09854244304762,14.13540228964713,128.62810628594286,11.321203564603145,0
0627T,68,68,4407.175359905118,4231.371981253108,3509.6007935642647,3369.9652021879588,0
0599T,75,58,79.35478046120001,32.76248570295784,63.08076929372,26.053928390238855,0
0507T,50,50,25.940852799399998,5.010222069089485,18.661995393515998,3.357112084876933,0
0501T,74,74,1051.640576250946,123.4285029119974,837.1076458564864,100.7809809246275,0
71555,156,155,154.0086793078205,117.22902739832959,116.96378550528847,91.30968411687053,0
71552,37,33,234.50883090459456,180.02845001488387,181.31576473981082,142.1686867283193,0
71270,975,947,105.73703794595076,58.41305682694321,79.73874090472411,43.681187082747435,0
52276,38,38,461.3345263752631,263.3791228778248,365.98741693842106,210.31015386341645,0
52441,525,521,524.7049612771428,513.8851454026725,414.4550805521619,408.095877768977,0
52318,47,47,838.4088761802127,455.88353534861847,665.3986865393617,361.9696346987605,0
52317,70,67,769.3455775111428,433.4088786213406,609.3192078078571,344.13777321434736,0
52315,72,71,449.65069892263887,136.663416242291,356.7316764909722,108.77418201455103,0
70360,137,130,12.9900304566,6.721479783377932,10.036117145359855,5.297698444767618,0
70260,48,41,27.551284963833336,13.527106192649011,20.815521584470833,10.498299215375866,0
70210,234,233,22.688536059408975,9.0136058220005,15.77545240129359,6.645198023264839,0
70150,72,70,36.706044120847224,14.29273183251669,27.96560257355,11.244163748949381,0
70140,84,80,25.221876373583335,9.362626248689903,19.01684765219524,7.354251786603311,0
J1642,60,60,0.028236808708333335,0.0072388697862273855,0.022106411355,0.005967812439179886,0
J1611,46,46,115.4446422347826,7.164694062776957,91.75652152769565,5.822866339070627,0
J1610,59,59,181.6060762145763,3.7592520799479394,144.10133008983053,3.8905511776526063,0
J1437,581,581,20.66121698355594,0.5101677513799042,16.44412515257315,0.39371035231091883,0
71111,148,143,35.29091319187162,16.319091487486624,25.905915498976352,11.879561015046402,0
71110,126,118,32.38750151322222,13.79827203253044,23.729061259838094,9.988476744212111,0
71048,54,53,34.46663614027778,16.150838881290642,25.33176364625926,11.902797722167243,0
70100,96,71,20.1936722282625,9.74428631994926,15.764655566130209,7.397221048697511,0
70030,80,77,18.332534658931248,11.686547973613205,13.591599970998749,8.793039235718524,0
69990,234,234,200.93575996554273,53.98353873949258,160.54723218111536,43.1357867499073,0
69706,39,39,2426.72627948,844.7979077308839,1930.7878310692306,672.8905598796498,0
69436,120,120,305.43345151799997,146.61766753241196,239.87422741525833,116.5086297885979,0
69420,198,198,202.3636016258081,27.10008347658016,153.903150631601,22.724692404743887,0
69222,65,65,231.81567178738462,34.98323887607916,174.5867428211231,29.1622316138084,0
68815,194,192,322.2454577514433,237.98691341023354,256.2037202233144,189.4459864981711,0
68801,196,196,105.24579924413266,28.02811810896332,78.58621325937246,21.766853379737743,0
J2323,40,40,22.717834495875,1.5149329479821771,18.08871988355,1.1976809757042295,0
J2280,33,33,9.804979541248485,0.19000926254088116,7.722066262075757,0.33096015889712843,0
J2274,34,34,11.66034826585,2.94393820664254,9.219451685441175,2.3415546705789905,0
J2175,47,47,7.153940662678723,0.7046383246987442,5.342291186268085,0.6764689506683318,0
J2060,64,64,0.9511776648171875,0.07174220632874048,0.74902666753125,0.06338213456205662,0
J1955,72,72,30.585461213833337,4.32812623450257,24.990772035000003,3.7973701857426923,0
J1952,177,177,81.4616081701469,4.1865961884332865,64.8402977781356,3.304875508303795,0
67914,31,31,317.7674174312903,157.57009463676675,252.91023319935482,124.75309037068034,0
67911,50,49,475.9284651284,105.48455143317013,378.1145079012,83.26902077149448,0
67908,214,209,618.2941932375701,137.36847101135248,488.7966400165421,110.19815462897203,0
0398T,38,38,1390.1590524826315,445.9647471616156,1107.4733802521052,356.0529630227644,0
0394T,75,75,187.24845056973334,35.54017426152023,149.09491630666665,28.668789314484243,0
01941,97,97,155.75364484092782,39.202971053460814,123.14975849952576,31.2090593220276,0
01930,98,95,170.35199443158163,40.257412135876244,134.0991977537041,31.189237102513065,0
68720,62,62,967.3265327017741,292.0788145601441,765.5245055628872,233.31942983795818,0
56820,90,90,112.50623666471111,23.734783843258356,82.76267918353334,20.105997656346787,0
56605,64,64,87.92326962303125,21.343967281169846,64.56156273448437,16.521563688192394,0
55875,122,122,1192.3488058494263,707.4542305921823,949.0856639488525,564.0507817097592,0
55867,68,68,870.2975671387205,328.36273196646255,691.8338018149999,261.25681959408087,0
55866,639,638,918.1096040215806,401.8055192754288,729.287826150532,320.0898153667518,0
54405,111,111,3080.739644545766,5386.36755934397,2449.828216260748,4293.206779585011,0
53854,138,135,1235.8949177116665,645.9150162282092,976.4773718595652,512.9851091889011,0
53661,40,40,69.8684823378,13.463080664920186,51.2373927938,10.746503493322235,0
67314,63,63,580.2532565365079,210.72593929726014,458.08289079698415,168.15026570168368,0
67311,115,115,551.2888876853043,115.63574261535369,436.6168736452174,92.51911660557764,0
67121,52,52,836.7630918411539,241.9234984483338,662.782950871923,191.37004089011086,0
01924,354,347,218.61784914268927,66.49337205610642,172.5949016978192,52.718802309211,0
01920,119,118,185.1188704227731,47.62799766966551,147.04196809805043,37.708848386616935,0
01500,33,33,233.7973105490909,76.21131331369786,186.36919222727272,60.79399966377589,0
01470,48,48,117.28124582577084,47.464770427209054,91.31682548439584,37.94857153558821,0
J2805,98,98,115.48543636530613,13.344985697849626,91.17078208629592,10.708158555928026,0
J2550,68,68,3.0332467332161768,0.23463334601120506,2.285134601029412,0.24269783598754013,0
68326,61,59,690.5639378881967,341.9632788294332,548.5829740706557,271.1426902761729,0
68320,93,89,574.0137792308602,189.154387968397,455.48410131075264,149.9894739790612,0
68200,58,58,31.87808803410345,10.434663746956632,24.508426375120692,7.857274500195288,0
68040,37,37,75.58049944845946,17.184667200053983,57.45023630710811,13.466350487246432,0
67966,150,145,650.875928608,151.01643345052972,515.2823646737334,119.88853062214004,0
67961,77,75,575.9522688601298,226.78733001186788,454.3928631490909,180.4406699314085,0
67924,254,251,573.2251620522835,194.52614619352926,452.89733533657477,154.64732229103487,0
67105,39,37,276.7979971723077,54.54171784022585,215.90980305266663,44.490505862126305,0
67041,461,461,1323.2093784070498,468.0970332277737,1051.9702421760066,372.3643799117113,0
67040,144,144,1418.2155762656944,576.2632671309811,1127.094782368611,458.1372024034993,0
67039,121,121,1295.230358043223,635.2518682923637,1030.8071266924794,505.1398282130198,0
67031,119,117,351.60481610873944,59.29397718311401,271.67736248092433,48.85681053042773,0
66989,64,64,2283.239350989844,1409.018684797021,1816.4264114729688,1121.8923632247727,0
66988,115,115,1237.112444820522,679.8714411545095,982.8950496015652,541.0889233737458,0
66986,205,205,809.1017426436586,165.81294808773737,642.5156444935609,131.1804983877423,0
66985,39,39,603.2525485830769,195.21935269884517,479.71024540948713,154.97937632087795,0
66825,30,30,775.7414473846667,206.26961590721177,613.8042531633333,164.48670395280067,0
66820,35,35,365.9241807048571,165.9426062666492,291.0169376845714,130.84626002408902,0
J3415,139,139,11.294765499848921,1.9348466518245746,8.828720717705036,1.5915524072395,0
J3370,37,37,2.414623739591892,0.09995067009874017,1.9138189582297296,0.08069739386870774,0
J3315,73,73,371.94293163671233,6.906715171666043,293.4780979760274,6.852162457001579,0
67825,31,31,140.0537081937097,36.07382490527698,105.33292746306452,28.75162484279645,0
67335,34,34,208.47844251470588,24.72695931765528,166.7169741317647,19.52798032411413,0
64645,51,49,100.69414542317647,21.47034721148112,78.76454749215686,18.287695250620473,0
64644,379,374,147.25623461941424,35.09578996795034,110.8685809395752,28.80499801908593,0
64643,351,339,82.55013848415955,14.40447345401164,64.13280573276069,12.560364382492283,0
01440,31,30,239.3179849283871,77.53280734480175,190.76822607903227,61.84580227391628,0
01270,92,91,305.6586006023913,112.14436628462853,242.78103060108697,89.36946408542903,0
01210,128,128,184.12112774046875,62.99418893367955,144.37085771177343,50.189570569087685,0
01200,47,47,76.19513521568085,23.182974218659417,58.833902977723405,18.381719190893197,0
0101T,34,34,265.72874733764706,65.91629551485218,210.29576869764708,51.847417561549356,0
00920,67,67,121.37602590658209,47.66662086928999,95.00065111528357,37.88288546700432,0
66174,741,741,973.0295556485898,612.6411304151743,773.0295633238812,487.35510795003324,0
66172,55,55,1097.1497162336364,244.03507303106625,869.4102864372728,193.3128147837898,0
66170,178,178,973.062972878146,241.64150451434998,770.7857127588765,192.5446396639211,0
65780,37,37,1212.8098863313514,596.4235200291425,959.4165683943244,475.5885670104456,0
65435,59,59,62.99639731377966,22.664882002240926,46.74853385961017,16.459466840536454,0
65426,93,92,818.0437587603225,237.1279210165009,640.9145525117204,187.27048116076867,0
67113,297,297,1382.8267792646802,566.8257843478174,1099.5181347666667,450.43635436137197,0
64590,563,561,5752.181357995767,8540.31942743098,4582.515356402369,6804.2555398856375,0
64561,619,564,1765.1720532740064,1952.1940579493814,1403.1806133245395,1556.8556078609026,0
64555,222,211,2254.1062484198646,2457.3961288574574,1794.152142239775,1958.4530364353207,0
64520,48,47,224.84649178972916,108.71071774801278,175.9811044531875,86.08528580270833,0
58262,62,62,771.5678647862903,340.03668459329873,612.2479062944033,270.36178559170827,0
00914,733,731,158.2334212647217,55.944925425091476,124.65276238020054,44.371287104591666,0
00873,434,434,135.46592008919816,44.43941966125353,106.62195436768894,34.983554621763524,0
00868,40,40,374.49572218325,135.61837511244477,298.3983934525,107.65218134344866,0
00860,118,118,171.74324263809322,62.214618242337274,135.0185992070085,49.41505392558619,0
J7611,90,90,0.1441345144611111,0.010405664628181223,0.10728163600777776,0.009446311710474796,0
65400,164,163,559.9862777918903,125.91737717349889,438.78052999493906,98.34900055968764,0
65222,59,59,67.65007985740678,11.305831157838265,50.2587402720678,9.99509193235919,0
65210,76,76,40.218741027355264,8.294052159495235,30.09807266961842,6.866448719272033,0
64772,68,68,388.1733451920441,175.36809425303503,308.95569186589705,138.80054039295618,0
64716,34,34,260.40668893941177,60.56229621723477,207.86011333911765,48.32010727846635,0
64646,70,70,92.92177574018572,24.621688648462534,71.54612568834285,19.34930260978333,0
63655,245,245,4003.427223976147,6700.369896200083,3188.2017298036894,5339.235941510253,0
63650,1458,1371,2064.01198267022,2037.0236346040701,1643.3177541800753,1623.5936676311155,0
J9171,207,207,0.6753907467048309,0.058473197246036786,0.5331351999280193,0.04838146895110796,0
J9070,135,135,19.490471916496293,0.7903903383114806,15.500749919666665,0.6322253554700489,0
J9060,164,164,2.1281784330841464,0.21542411158424746,1.6959691622859754,0.1708344206276875,0
J9041,357,357,4.831301460923529,0.9780391489469663,3.803604838988515,0.7567699590105166,0
J9000,44,44,2.4703442128772726,0.03340423072792469,1.9637447664204544,0.032813388203600954,0
J7674,52,52,0.7851515941057693,0.0467647846445,0.6127346789576923,0.06021299416951582,0
58100,372,371,97.37900285908333,17.409329521977497,72.72503646955914,14.337251248042698,0
57423,34,34,423.4806203861176,166.96737084182965,337.82658128738234,133.0729208940248,0
57283,127,127,335.23401094451185,117.48428523582075,267.46507081865354,93.73438789154608,0
57156,94,94,163.81127186968087,32.4031048304375,129.55811982855317,25.952654114673827,0
64480,201,196,101.19161906867164,44.6621499200877,80.40138470222887,35.86057896153146,0
64462,35,35,57.8837881164,18.714256035419222,46.072093728714286,14.973572169546856,0
64628,247,247,4200.173554241903,4546.720011327456,3343.965052124332,3622.412986284703,0
64617,115,109,198.6625394453913,47.99309428867703,146.09385019131307,37.362426676413236,0
63042,80,80,1048.98205988875,665.2253657029025,836.456657554625,530.4254790619532,0
63035,39,39,187.15369547294873,117.62618014801002,149.25279175646153,94.02371275773271,0
62369,195,194,76.5646369036564,19.29366971850089,57.16208101857436,15.053515442811271,0
62367,74,74,28.33844932289189,4.9122183468182286,21.818864441337837,3.8241414069127497,0
62362,138,138,3067.300540632942,5381.269900422423,2444.4286677898626,4291.364685912226,0
62350,70,70,752.2954729351428,675.7592639113666,598.7273038115715,538.7449602749682,0
62324,92,92,90.01678868833696,6.51357033249323,71.26956849784783,5.845548430438272,0
Q0092,324,285,24.693054029246916,2.6270222233378524,18.95487336445988,2.365005575805163,0
P9612,265,265,7.490584160482265,1.4682248700616767,7.490584160482265,1.4682248700616767,0
P9016,32,32,91.27852666784375,49.96940031499795,72.73677503865625,39.80436799628513,0
L8606,43,43,252.14076723767442,8.878621624823634,200.03669846581397,7.730371105946087,0
J9305,33,33,13.010547599421212,4.371151997607814,10.352353951430302,3.474892876070563,0
J9280,35,35,54.390544313685716,14.23228441113809,43.328993581657144,11.400911261306739,0
64446,32,32,93.4852773356875,73.77108410538106,73.43833306009375,58.323202611699145,0
63688,45,45,1062.9438605806668,739.7604283587704,846.8022087484444,589.3356067352108,0
63685,1279,1279,8167.251110648678,11183.925912191375,6507.741575743128,8911.864568818977,0
Q5122,239,239,114.27172838302091,8.894611711533303,90.86635498539749,7.020874627408675,0
Q4253,73,73,850.1478757601369,140.59412838145712,677.1593683882191,111.92018935934135,0
00566,51,51,736.3905493066667,213.36125460977044,586.930581742353,170.56840638618078,0
00563,58,58,777.1815952217241,295.11263531489743,620.4579515594827,235.6450748654346,0
00562,661,661,780.4507345354313,240.4081730177748,622.2308086725416,191.8777969123031,0
00560,2331,2331,407.44248477352636,126.87925194516764,324.06644844454314,101.06964545391216,0
00541,256,256,493.39869875613283,146.97142716234387,392.3904652664453,117.67058799172699,0
Q4217,65,65,1283.9493116967692,146.81196248445184,1022.8790285566155,117.00785031817479,0
Q4205,64,63,1437.98486065625,28.237087742756028,1145.708642040625,22.501223046331134,0
62264,96,91,348.4440881339583,100.11819603031252,272.49442132302084,80.5262650703665,0
62252,97,95,64.64933216128865,20.94873178945599,49.48517519437114,16.82696517025523,0
62223,72,72,736.6588453769444,240.90190371071063,587.1151520131945,192.33137045060326,0
R0075,222,201,90.23236283493243,23.851135327882673,68.79363280182432,18.34446710097946,0
R0070,321,285,215.92288816956386,53.5584850077578,166.99296231493148,42.09171740326768,0
61510,114,114,2106.1525753621927,589.3372774077981,1682.2470380930704,470.8647591185815,0
61312,37,37,1844.2385610264864,480.8694430477852,1469.5538337505404,383.46968264758493,0
25608,31,31,2397.3471082554843,1883.6054926730264,1907.192414213613,1499.5621872204579,0
25607,30,30,3097.663281662,1962.9939432575788,2466.038657725,1566.3059088635318,0
25600,328,328,351.3200718858537,42.2785622810938,274.44612429399393,36.089375126055934,0
V2632,30,30,133.384325806,0.8114892094243052,106.28157613666666,0.6237679485416473,0
00104,1599,1592,79.71001938253909,28.192186496544473,62.70014390706379,22.345267375614295,0
Q5116,34,34,26.013673715264705,1.8910845133912193,20.715322739529412,1.4970821803249696,0
Q5108,125,125,118.01305185428,7.716869526260237,93.8412915366,6.049316902555284,0
Q5104,178,178,36.99889661033708,2.6154973284374785,29.31358895844382,1.988298443544738,0
Q4281,33,33,1530.4669471545456,24.376975568252988,1219.3964230242425,19.422295157009657,0
Q4262,141,141,1233.9872017758155,99.67195583094848,983.17637376539,79.41328312649537,0
Q9956,141,141,35.983778576659574,2.422445619389157,28.082942094581558,2.230609010283971,0
Q9950,114,114,18.203937955605262,0.4946399247747863,14.144941654710527,0.777141874787943,0
Q5127,30,30,341.18940101833334,3.889952402689339,271.8218087563333,3.0885420544940576,0
Q5125,43,43,0.5503404929465117,0.011316011629438733,0.438420983983721,0.008843139463047817,0
Q5124,122,122,214.28894886639344,8.96024196721243,170.29266679434426,6.749907887147713,0
Q5123,40,40,44.069963274399996,1.049977296506929,35.098784942125,0.8368563329298822,0
